Apple,iPad Air (2019),GSM / HSPA / LTE,GSM 850 / 900 / 1800 / 1900,Yes,Yes,"2019, March","Available. Released 2019, March",250.6 x 174.1 x 6.1 mm (9.87 x 6.85 x 0.24 in),456 g (Wi-Fi) / 464 g (3G/LTE) (1.01 lb),"Nano-SIM, Electronic SIM card (eSIM)","IPS LCD capacitive touchscreen, 16M colors","10.5 inches, 341.4 cm (~78.3% screen-to-body ratio)","1668 x 2224 pixels, 4:3 ratio (~265 ppi density)",DCI-P3 wide color gamut  True-tone,No,,,"Yes, with stereo speakers",,Yes,"Wi-Fi 802.11 a/b/g/n/ac, dual-band, hotspot","5.0, A2DP, EDR","Yes, with A-GPS, GLONASS (3G/LTE model only)",No,"2.0, proprietary reversible connector","Fingerprint (front-mounted), accelerometer, gyro, compass, barometer",,,,,,,Siri natural language commands and dictation,"Space Gray, Silver, Gold",HSDPA 850 / 900 / 1700(AWS) / 1900 / 2100,"HSPA 42.2/5.76 Mbps, LTE-A (CA) Cat16 1024/150 Mbps",iOS 12.1.3,Apple A12 Bionic (7 nm),Hexa-core (2x2.5 GHz Vortex + 4x1.6 GHz Tempest),Apple GPU (4-core graphics),"64/256 GB, 3 GB RAM","8 MP, f/2.4, 31mm (standard), 1.12��m, AF",1080p@30fps,About 550 EUR,HDR,Stylus support,"LTE band 1(2100), 2(1900), 3(1800), 4(1700/2100), 5(850), 7(2600), 8(900), 11(1500), 12(700), 13(700), 14(700), 17(700), 18(800), 19(800), 20(800), 21(1500), 25(1900), 26(850), 29(700), 30(2300), 34(2000), 38(2600), 39(1900), 40(2300), 41(2500), 46, 66(1700/2100), 71(600)",,"Scratch-resistant glass, oleophobic coating",,,,HDR,1080p@30fps,,,,,,,,,,"7 MP, f/2.2, 31mm (standard)",,,,,Active noise cancellation with dedicated mic,,,,,,Non-removable Li-Po battery (30.2 Wh),,,,,,,,,Up to 10 h (multimedia),
Apple,iPad mini (2019),GSM / HSPA / LTE,GSM 850 / 900 / 1800 / 1900,Yes,Yes,"2019, March","Available. Released 2019, March",203.2 x 134.8 x 6.1 mm (8.0 x 5.31 x 0.24 in),300.5 g (Wi-Fi) / 308.2 g (3G/LTE) (10.86 oz),"Nano-SIM, Electronic SIM card (eSIM)","IPS LCD capacitive touchscreen, 16M colors","7.9 inches, 193.3 cm (~70.6% screen-to-body ratio)","1536 x 2048 pixels, 4:3 ratio (~324 ppi density)",DCI-P3 wide color gamut  True-tone,No,,,"Yes, with stereo speakers",,Yes,"Wi-Fi 802.11 a/b/g/n/ac, dual-band, hotspot","5.0, A2DP, EDR","Yes, with A-GPS, GLONASS (Wi���Fi + Cellular model only)",No,"2.0, proprietary reversible connector","Fingerprint (front-mounted), accelerometer, gyro, compass, barometer",,,,,,,Siri natural language commands and dictation,"Space Gray, Silver, Gold",HSDPA 850 / 900 / 1700(AWS) / 1900 / 2100,"HSPA 42.2/5.76 Mbps, LTE-A (CA) Cat16 1024/150 Mbps",iOS 12.1.3,Apple A12 Bionic (7 nm),Hexa-core (2x2.5 GHz Vortex + 4x1.6 GHz Tempest),Apple GPU (4-core graphics),"64/256 GB, 3 GB RAM","8 MP, f/2.4, 32mm (standard), 1.12��m, AF",1080p@30fps,About 450 EUR,HDR,Stylus support,"LTE band 1(2100), 2(1900), 3(1800), 4(1700/2100), 5(850), 7(2600), 8(900), 11(1500), 12(700), 13(700), 14(700), 17(700), 18(800), 19(800), 20(800), 21(1500), 25(1900), 26(850), 29(700), 30(2300), 34(2000), 38(2600), 39(1900), 40(2300), 41(2500), 46, 66(1700/2100), 71(600)",,"Scratch-resistant glass, oleophobic coating",,,,HDR,1080p@30fps,,,"MUQW2HC/A, MUU32HC/A, MUX52HC/A, MUXC2HC/A",,,,,,,"7 MP, f/2.2, 31mm (standard)",,,,,Active noise cancellation with dedicated mic,,,,,,Non-removable Li-Ion 5124 mAh battery (19.1 Wh),,,,,,,,,Up to 10 h (multimedia),
Apple,iPad Pro 12.9 (2018),GSM / CDMA / HSPA / EVDO / LTE,GSM 850 / 900 / 1800 / 1900,Yes,Yes,"2018, October","Available. Released 2018, November",280.6 x 214.9 x 5.9 mm (11.05 x 8.46 x 0.23 in),"631 g (Wi-Fi), 633 g (LTE) (1.39 lb)","Nano-SIM, Electronic SIM card (eSIM)","IPS LCD capacitive touchscreen, 16M colors","12.9 inches, 515.3 cm (~85.4% screen-to-body ratio)","2048 x 2732 pixels, 4:3 ratio (~265 ppi density)",Wide color gamut  True-tone  120 Hz,No,,,"Yes, with stereo speakers (4 speakers)",,No,"Wi-Fi 802.11 a/b/g/n/ac, dual-band, hotspot","5.0, A2DP, LE, EDR","Yes, with A-GPS, GLONASS, GALILEO, QZSS (Wi���Fi + Cellular model only)",No,"3.1, Type-C 1.0 reversible connector; magnetic connector","Face ID, accelerometer, gyro, proximity, barometer",,,,,,,Siri natural language commands and dictation,"Silver, Space Gray",HSDPA 850 / 900 / 1700(AWS) / 1900 / 2100,"HSPA 42.2/5.76 Mbps, LTE-A (4CA) Cat16 1024/150 Mbps, EV-DO Rev.A 3.1 Mbps","iOS 12, upgradable to iOS 12.2",Apple A12X Bionic (7 nm),Octa-core (4x2.5 GHz Vortex + 4x1.6 GHz Tempest),Apple GPU (7-core graphics),"1 TB, 6 GB RAM or 64/256/512 GB, 4 GB RAM","12 MP, f/1.8, 29mm (standard), 1/3"", 1.22��m, PDAF","2160p@30/60fps, 1080p@30/60/120fps, 720p@240fps",About 1100 EUR,"Quad-LED dual-tone flash, HDR",Stylus support (Bluetooth integration; magnetic),"LTE band 1(2100), 2(1900), 3(1800), 4(1700/2100), 5(850), 7(2600), 8(900), 11(1500), 12(700), 13(700), 14(700), 17(700), 18(800), 19(800), 20(800), 21(1500), 25(1900), 26(850), 29(700), 30(2300), 34(2000), 38(2600), 39(1900), 40(2300), 41(2500), 46, 66(1700/2100), 71(600)",,"Scratch-resistant glass, oleophobic coating",,,,"Face detection, HDR, panorama",1080p@30fps,,Power Bank/Reverse charging,,,,,,,,"7 MP, f/2.2, 32mm (standard)",,,,,Active noise cancellation with dedicated mic,,,,,,Non-removable Li-Po 9720 mAh battery (36.71 Wh),,,,,,,,CDMA2000 1xEV-DO,,
Apple,iPad Pro 11,GSM / CDMA / HSPA / EVDO / LTE,GSM 850 / 900 / 1800 / 1900,Yes,Yes,"2018, October","Available. Released 2018, November",247.6 x 178.5 x 5.9 mm (9.75 x 7.03 x 0.23 in),468 g (1.03 lb),"Nano-SIM, Electronic SIM card (eSIM)","IPS LCD capacitive touchscreen, 16M colors","11.0 inches, 366.5 cm (~82.9% screen-to-body ratio)",1668 x 2388 pixels (~265 ppi density),Wide color gamut  True-tone  120 Hz,No,,,"Yes, with stereo speakers (4 speakers)",,No,"Wi-Fi 802.11 a/b/g/n/ac, dual-band, hotspot","5.0, A2DP, LE, EDR","Yes, with A-GPS, GLONASS, GALILEO, QZSS (Wi���Fi + Cellular model only)",No,"3.1, Type-C 1.0 reversible connector; magnetic connector","Face ID, accelerometer, gyro, proximity, barometer",,,,,,,Siri natural language commands and dictation,"Silver, Space Gray",HSDPA 850 / 900 / 1700(AWS) / 1900 / 2100,"HSPA 42.2/5.76 Mbps, LTE-A (4CA) Cat16 1024/150 Mbps, EV-DO Rev.A 3.1 Mbps","iOS 12, upgradable to iOS 12.2",Apple A12X Bionic (7 nm),Octa-core (4x2.5 GHz Vortex + 4x1.6 GHz Tempest),Apple GPU (7-core graphics),"1 TB, 6 GB RAM or 64/256/512 GB, 4 GB RAM","12 MP, f/1.8, 29mm (standard), 1/3"", 1.22��m, PDAF","2160p@30/60fps, 1080p@30/60/120fps, 720p@240fps",About 880 EUR,"Quad-LED dual-tone flash, HDR",Stylus support (Bluetooth integration; magnetic),"LTE band 1(2100), 2(1900), 3(1800), 4(1700/2100), 5(850), 7(2600), 8(900), 11(1500), 12(700), 13(700), 14(700), 17(700), 18(800), 19(800), 20(800), 21(1500), 25(1900), 26(850), 29(700), 30(2300), 34(2000), 38(2600), 39(1900), 40(2300), 41(2500), 46, 66(1700/2100), 71(600)",,"Scratch-resistant glass, oleophobic coating",,,,"Face detection, HDR, panorama",1080p@30fps,,Power Bank/Reverse charging,,,,,,,,"7 MP, f/2.2, 32mm (standard)",,,,,Active noise cancellation with dedicated mic,,,,,,Non-removable Li-Po 7812 mAh battery (29.45 Wh),,,,,,,,CDMA2000 1xEV-DO,,
Apple,iPhone XS Max,GSM / CDMA / HSPA / EVDO / LTE,GSM 850 / 900 / 1800 / 1900 - SIM 1 & SIM 2 (dual-SIM) - for China,Yes,Yes,"2018, September","Available. Released 2018, September",157.5 x 77.4 x 7.7 mm (6.20 x 3.05 x 0.30 in),208 g (7.34 oz),"Single SIM (Nano-SIM) or Dual SIM (Nano-SIM, dual stand-by) - for China","OLED capacitive touchscreen, 16M colors","6.5 inches, 102.9 cm (~84.4% screen-to-body ratio)","1242 x 2688 pixels, 19.5:9 ratio (~458 ppi density)",Dolby Vision  HDR10  Wide color gamut  3D Touch  True-tone  120 Hz touch-sensing,No,,,"Yes, with stereo speakers",,No,"Wi-Fi 802.11 a/b/g/n/ac, dual-band, hotspot","5.0, A2DP, LE","Yes, with A-GPS, GLONASS, GALILEO, QZSS",No,"2.0, proprietary reversible connector","Face ID, accelerometer, gyro, proximity, compass, barometer",,,,,,,Siri natural language commands and dictation,"Space Gray, Silver, Gold",HSDPA 850 / 900 / 1700(AWS) / 1900 / 2100,"HSPA 42.2/5.76 Mbps, LTE-A (4CA) Cat16 1024/150 Mbps, EV-DO Rev.A 3.1 Mbps","iOS 12, upgradable to iOS 12.2",Apple A12 Bionic (7 nm),Hexa-core (2x2.5 GHz Vortex + 4x1.6 GHz Tempest),Apple GPU (4-core graphics),"64/256/512 GB, 4 GB RAM",,"2160p@24/30/60fps, 1080p@30/60/120/240fps, HDR, stereo sound rec.",About 1250 EUR,"Quad-LED dual-tone flash, HDR (photo/panorama)","IP68 dust/water resistant (up to 2m for 30 mins)  Apple Pay (Visa, MasterCard, AMEX certified)","LTE band 1(2100), 2(1900), 3(1800), 4(1700/2100), 5(850), 7(2600), 8(900), 12(700), 13(700), 14(700), 17(700), 18(800), 19(800), 20(800), 25(1900), 26(850), 28(700), 29(700), 30(2300), 32(1500), 34(2000), 38(2600), 39(1900), 40(2300), 41(2500), 46, 66(1700/2100) - A2101","Front/back glass, stainless steel frame","Scratch-resistant glass, oleophobic coating",,"12 MP, f/1.8, 26mm (wide), 1/2.55"", 1.4��m, OIS, PDAF   12 MP, f/2.4, 52mm (telephoto), 1/3.4"", 1.0��m, OIS, PDAF, 2x optical zoom",,HDR,1080p@60fps,Yes,Fast battery charging 15W: 50% in 30 min  USB Power Delivery 2.0  Qi wireless charging,,Basemark OS II 2.0: 4915,Photo / Video,Voice 70dB / Noise 74dB / Ring 84dB,Noise -93.7dB / Crosstalk -82.8dB,Endurance rating 79h,"Contrast ratio: Infinite (nominal), 4.516 (sunlight)","7 MP, f/2.2, 32mm (standard)",,,,,Active noise cancellation with dedicated mic,,,,,,Non-removable Li-Ion 3174 mAh battery,,Up to 65 h,,,,,,"LTE band 1(2100), 2(1900), 3(1800), 4(1700/2100), 5(850), 7(2600), 8(900), 12(700), 13(700), 14(700), 17(700), 18(800), 19(800), 20(800), 25(1900), 26(850), 29(700), 30(2300), 32(1500), 34(2000), 38(2600), 39(1900), 40(2300), 41(2500), 46, 66(1700/2100), 71(600) - A2104",Up to 25 h (3G),
Apple,iPhone XS,GSM / CDMA / HSPA / EVDO / LTE,GSM 850 / 900 / 1800 / 1900,Yes,Yes,"2018, September","Available. Released 2018, September",143.6 x 70.9 x 7.7 mm (5.65 x 2.79 x 0.30 in),177 g (6.24 oz),"Nano-SIM, Electronic SIM card (eSIM)","OLED capacitive touchscreen, 16M colors","5.8 inches, 84.4 cm (~82.9% screen-to-body ratio)","1125 x 2436 pixels, 19.5:9 ratio (~458 ppi density)",Dolby Vision  HDR10  Wide color gamut  3D Touch  True-tone  120 Hz touch-sensing,No,,,"Yes, with stereo speakers",,No,"Wi-Fi 802.11 a/b/g/n/ac, dual-band, hotspot","5.0, A2DP, LE","Yes, with A-GPS, GLONASS, GALILEO, QZSS",No,"2.0, proprietary reversible connector","Face ID, accelerometer, gyro, proximity, compass, barometer",,,,,,,Siri natural language commands and dictation,"Space Gray, Silver, Gold",HSDPA 850 / 900 / 1700(AWS) / 1900 / 2100,"HSPA 42.2/5.76 Mbps, LTE-A (4CA) Cat16 1024/150 Mbps, EV-DO Rev.A 3.1 Mbps","iOS 12, upgradable to iOS 12.2",Apple A12 Bionic (7 nm),Hexa-core (2x2.5 GHz Vortex + 4x1.6 GHz Tempest),Apple GPU (4-core graphics),"64/256/512 GB, 4 GB RAM",,"2160p@24/30/60fps, 1080p@30/60/120/240fps, HDR, stereo sound rec.",About 1150 EUR,"Quad-LED dual-tone flash, HDR (photo/panorama)","IP68 dust/water resistant (up to 2m for 30 mins)  Apple Pay (Visa, MasterCard, AMEX certified)","LTE band 1(2100), 2(1900), 3(1800), 4(1700/2100), 5(850), 7(2600), 8(900), 12(700), 13(700), 14(700), 17(700), 18(800), 19(800), 20(800), 25(1900), 26(850), 28(700), 29(700), 30(2300), 32(1500), 34(2000), 38(2600), 39(1900), 40(2300), 41(2500), 46, 66(1700/2100) - A2097","Front/back glass, stainless steel frame","Scratch-resistant glass, oleophobic coating",,"12 MP, f/1.8, 26mm (wide), 1/2.55"", 1.4��m, OIS, PDAF   12 MP, f/2.4, 52mm (telephoto), 1/3.4"", 1.0��m, OIS, PDAF, 2x optical zoom",,HDR,1080p@60fps,Yes,Fast battery charging 15W: 50% in 30 min  USB Power Delivery 2.0  Qi wireless charging,,Basemark OS II 2.0: 6060,Photo / Video,Voice 71dB / Noise 75dB / Ring 78dB,Noise -93.7dB / Crosstalk -82.8dB,Endurance rating 72h,"Contrast ratio: Infinite (nominal), 5.171 (sunlight)","7 MP, f/2.2, 32mm (standard)",,,,,Active noise cancellation with dedicated mic,,,,,,Non-removable Li-Ion 2658 mAh battery (10.13 Wh),,Up to 60 h,,,,,,"LTE band 1(2100), 2(1900), 3(1800), 4(1700/2100), 5(850), 7(2600), 8(900), 12(700), 13(700), 14(700), 17(700), 18(800), 19(800), 20(800), 25(1900), 26(850), 29(700), 30(2300), 32(1500), 34(2000), 38(2600), 39(1900), 40(2300), 41(2500), 46, 66(1700/2100), 71(600) - A1920, A2100",Up to 20 h (3G),
Apple,iPhone XR,GSM / CDMA / HSPA / EVDO / LTE,GSM 850 / 900 / 1800 / 1900 - SIM 1 & SIM 2 (dual-SIM) - for China,Yes,Yes,"2018, September","Available. Released 2018, October",150.9 x 75.7 x 8.3 mm (5.94 x 2.98 x 0.33 in),194 g (6.84 oz),"Single SIM (Nano-SIM) or Dual SIM (Nano-SIM, dual stand-by) - for China","IPS LCD capacitive touchscreen, 16M colors","6.1 inches, 90.3 cm (~79.0% screen-to-body ratio)","828 x 1792 pixels, 19.5:9 ratio (~326 ppi density)",True-tone  Wide color gamut  120 Hz touch-sensing,No,,,"Yes, with stereo speakers",,No,"Wi-Fi 802.11 a/b/g/n/ac, dual-band, hotspot","5.0, A2DP, LE","Yes, with A-GPS, GLONASS, GALILEO, QZSS",No,"2.0, proprietary reversible connector","Face ID, accelerometer, gyro, proximity, compass, barometer",,,,,,,Siri natural language commands and dictation,"Black, Red, Yellow, Blue, Coral, White",HSDPA 850 / 900 / 1700(AWS) / 1900 / 2100,"HSPA 42.2/5.76 Mbps, LTE-A","iOS 12, upgradable to iOS 12.2",Apple A12 Bionic (7 nm),Hexa-core (2x2.5 GHz Vortex + 4x1.6 GHz Tempest),Apple GPU (4-core graphics),"64/128/256 GB, 3 GB RAM","12 MP, f/1.8, 26mm (wide), 1/2.55"", 1.4��m, OIS, PDAF","2160p@24/30/60fps, 1080p@30/60/120/240fps, HDR, stereo sound rec.",About 850 EUR,"Quad-LED dual-tone flash, HDR (photo/panorama)","IP67 dust/water resistant (up to 1m for 30 mins)  Apple Pay (Visa, MasterCard, AMEX certified)","LTE band 1(2100), 2(1900), 3(1800), 4(1700/2100), 5(850), 7(2600), 8(900), 12(700), 13(700), 14(700), 17(700), 18(800), 19(800), 20(800), 25(1900), 26(850), 29(700), 30(2300), 32(1500), 34(2000), 38(2600), 39(1900), 40(2300), 41(2500), 66(1700/2100), 71(600)","Front/back glass, aluminum frame (7000 series)","Scratch-resistant glass, oleophobic coating",,,,HDR,1080p@60fps,Yes,Fast battery charging 15W: 50% in 30 min  USB Power Delivery 2.0  Qi wireless charging,,,,,,Endurance rating 78h,,"7 MP, f/2.2, 32mm (standard)",,,,,Active noise cancellation with dedicated mic,,,,,,Non-removable Li-Ion 2942 mAh battery,,Up to 65 h,,,,,,CDMA2000 1xEV-DO,Up to 25 h (3G),
Apple,Watch Series 4,GSM / HSPA / LTE,GSM 850 / 900 / 1800 / 1900,Yes,Yes,"2018, September","Available. Released 2018, September",44 x 38 x 10.7 mm (1.73 x 1.50 x 0.42 in),48 g (1.69 oz),Electronic SIM card (eSIM),"LTPO OLED capacitive touchscreen, 16M colors","1.78 inches, 10.0 cm (~60.0% screen-to-body ratio)",448 x 368 pixels (~326 ppi density),3D Touch display  1000 nits,No,,,Yes,,No,Wi-Fi 802.11 b/g/n,"5.0, A2DP, LE","Yes, with A-GPS, GLONASS, GALILEO, QZSS",No,No,"Accelerometer, gyro, heart rate (2nd gen), barometer",,,,,,,Audio player  Photo viewer  Siri natural language commands and dictation (talking mode),"Space Black, Silver, Gold","HSDPA 850 / 900 / 2100 / 800 - Europe, Australia","HSPA, LTE","watchOS 5.0, upgradable to 5.1.3",Apple S4,Dual-core,PowerVR,16 GB,,,About 700 EUR,,50m waterproof  ECG certified (USA only),"LTE band 1(2100), 3(1800), 5(850), 7(2600), 8(900), 18(800), 19(800), 20(800), 26(850) - Europe, Australia",Stainless Steel frame; all-ceramic/sapphire crystal back,Sapphire crystal glass,,,,,,Yes,,,,,,,,,,,,,,,,,,,,Non-removable Li-Ion battery,,,,,,No,,"LTE band 1(2100), 3(1800), 39(1900), 40(2300), 41(2500) - China",,Up to 18 h (mixed usage)
Apple,Watch Series 4 Aluminum,GSM / HSPA / LTE,GSM 850 / 900 / 1800 / 1900,Yes,Yes,"2018, September","Available. Released 2018, September",44 x 38 x 10.7 mm (1.73 x 1.50 x 0.42 in),36.7 g (1.31 oz),Electronic SIM card (eSIM),"LTPO OLED capacitive touchscreen, 16M colors","1.78 inches, 10.0 cm (~60.0% screen-to-body ratio)",448 x 368 pixels (~326 ppi density),3D Touch display  1000 nits,No,,,Yes,,No,Wi-Fi 802.11 b/g/n,"5.0, A2DP, LE","Yes, with A-GPS, GLONASS, GALILEO, QZSS",No,No,"Accelerometer, gyro, heart rate (2nd gen), barometer",,,,,,,Audio player  Photo viewer  Siri natural language commands and dictation (talking mode),"Silver, Gold, Space Gray","HSDPA 850 / 900 / 2100 / 800 - Europe, Australia","HSPA, LTE","watchOS 5.0, upgradable to 5.1.3",Apple S4,Dual-core,PowerVR,16 GB,,,About 430 EUR,,50m waterproof  ECG certified (USA only),"LTE band 1(2100), 3(1800), 5(850), 7(2600), 8(900), 18(800), 19(800), 20(800), 26(850) - Europe, Australia",Aluminum frame; all-ceramic/sapphire crystal back,Ion-X strengthened glass,,,,,,Yes,,,,,,,,,,,,,,,,,,,,Non-removable Li-Ion battery,,,,,,No,,"LTE band 1(2100), 3(1800), 39(1900), 40(2300), 41(2500) - China",,Up to 18 h (mixed usage)
Apple,iPad 9.7 (2018),GSM / CDMA / HSPA / EVDO / LTE,GSM 850 / 900 / 1800 / 1900,Yes,Yes,"2018, March","Available. Released 2018, March",240 x 169.5 x 7.5 mm (9.45 x 6.67 x 0.30 in),469 g (Wi-Fi) / 478 g (LTE) (1.05 lb),"Nano-SIM, Electronic SIM card (eSIM)","IPS LCD capacitive touchscreen, 16M colors","9.7 inches, 291.4 cm (~71.6% screen-to-body ratio)","1536 x 2048 pixels, 4:3 ratio (~264 ppi density)",,No,,,"Yes, with stereo speakers",,Yes,"Wi-Fi 802.11 a/b/g/n/ac, dual-band, hotspot","4.2, A2DP, EDR, LE","Yes, with A-GPS, GLONASS (Wi���Fi + Cellular model only)",No,"2.0, proprietary reversible connector","Fingerprint (front-mounted), accelerometer, gyro, compass, barometer",,,,,,,Siri natural language commands and dictation,"Silver, Gold, Space Gray",HSDPA 800 / 850 / 900 / 1700(AWS) / 1900 / 2100,"HSPA 42.2/5.76 Mbps, LTE-A Cat6 300/50 Mbps, EV-DO Rev.A 3.1 Mbps","iOS 11.3, upgradable to iOS 12.2",Apple A10 Fusion (16 nm),Quad-core 2.34 GHz (2x Hurricane + 2x Zephyr),PowerVR Series7XT Plus (six-core graphics),"32/128 GB, 2 GB RAM","8 MP, f/2.4, 31mm (standard), 1.12��m, AF","1080p@30fps, 720p@120fps, HDR, stereo sound rec.",About 350 EUR,HDR,Stylus support,"LTE band 1(2100), 2(1900), 3(1800), 4(1700/2100), 5(850), 7(2600), 8(900), 12(700), 13(700), 17(700), 18(800), 19(800), 20(800), 25(1900), 26(850), 27(800), 28(700), 29(700), 30(2300), 38(2600), 39(1900), 40(2300), 41(2500)","Front glass, aluminum body","Scratch-resistant glass, oleophobic coating",,,,"Face detection, HDR, panorama",720p@30fps,,,,,,,,,,"1.2 MP, f/2.2, 31mm (standard)",,,,,Active noise cancellation with dedicated mic,,,,,,Non-removable Li-Ion battery (32.4 Wh),,,,,,,,CDMA2000 1xEV-DO,Up to 10 h (multimedia),
Apple,iPhone X,GSM / HSPA / LTE,GSM 850 / 900 / 1800 / 1900,Yes,Yes,"2017, September","Available. Released 2017, October",143.6 x 70.9 x 7.7 mm (5.65 x 2.79 x 0.30 in),174 g (6.14 oz),Nano-SIM,"OLED capacitive touchscreen, 16M colors","5.8 inches, 84.4 cm (~82.9% screen-to-body ratio)","1125 x 2436 pixels, 19.5:9 ratio (~458 ppi density)",Dolby Vision  HDR10  Wide color gamut  3D Touch  True-tone  120 Hz touch-sensing,No,,,"Yes, with stereo speakers",,No,"Wi-Fi 802.11 a/b/g/n/ac, dual-band, hotspot","5.0, A2DP, LE","Yes, with A-GPS, GLONASS, GALILEO, QZSS",No,"2.0, proprietary reversible connector","Face ID, accelerometer, gyro, proximity, compass, barometer",,,,,,,Siri natural language commands and dictation,"Space Gray, Silver",HSDPA 850 / 900 / 1700(AWS) / 1900 / 2100,"HSPA 42.2/5.76 Mbps, LTE-A (3CA) Cat12 600/150 Mbps, EV-DO Rev.A 3.1 Mbps","iOS 11.1.1, upgradable to iOS 12.2",Apple A11 Bionic (10 nm),Hexa-core 2.39 GHz (2x Monsoon + 4x Mistral),Apple GPU (three-core graphics),"64/256 GB, 3 GB RAM",,"2160p@24/30/60fps, 1080p@30/60/120/240fps",About 1000 EUR,"Quad-LED dual-tone flash, HDR (photo/panorama), panorama, HDR","IP67 dust/water resistant (up to 1m for 30 mins)  Apple Pay (Visa, MasterCard, AMEX certified)","LTE band 1(2100), 2(1900), 3(1800), 4(1700/2100), 5(850), 7(2600), 8(900), 12(700), 13(700), 17(700), 18(800), 19(800), 20(800), 25(1900), 26(850), 28(700), 29(700), 30(2300), 34(2000), 38(2600), 39(1900), 40(2300), 41(2500), 66(1700/2100)","Front/back glass, stainless steel frame","Scratch-resistant glass, oleophobic coating",,"12 MP, f/1.8, 28mm (wide), 1/3"", 1.22��m, OIS, PDAF   12 MP, f/2.4, 52mm (telephoto), 1/3.4"", 1.0��m, OIS, PDAF, 2x optical zoom",,HDR,1080p@30fps,Yes,Fast battery charging 15W: 50% in 30 min  USB Power Delivery 2.0  Qi wireless charging,,Basemark OS II 2.0: 4708,Photo / Video,Voice 68dB / Noise 74dB / Ring 76dB,Noise -93.7dB / Crosstalk -82.8dB,Endurance rating 74h,"Contrast ratio: Infinity (nominal), 5.013 (sunlight)","7 MP, f/2.2, 32mm (standard)",,,,,Active noise cancellation with dedicated mic,,,,,1.09 W/kg (head) �� �� 1.17 W/kg (body) �� ��,Non-removable Li-Ion 2716 mAh battery (10.35 Wh),,Up to 60 h,,,,,,,Up to 21 h (3G),
Apple,iPhone 8 Plus,GSM / HSPA / LTE,GSM 850 / 900 / 1800 / 1900,Yes,Yes,"2017, September","Available. Released 2017, September",158.4 x 78.1 x 7.5 mm (6.24 x 3.07 x 0.30 in),202 g (7.13 oz),Nano-SIM,"IPS LCD capacitive touchscreen, 16M colors","5.5 inches, 83.4 cm (~67.4% screen-to-body ratio)","1080 x 1920 pixels, 16:9 ratio (~401 ppi density)",Wide color gamut  3D Touch display & home button  True-tone,No,,,"Yes, with stereo speakers",,No,"Wi-Fi 802.11 a/b/g/n/ac, dual-band, hotspot","5.0, A2DP, LE","Yes, with A-GPS, GLONASS, GALILEO, QZSS",No,"2.0, proprietary reversible connector","Fingerprint (front-mounted), accelerometer, gyro, proximity, compass, barometer",,,,,,,Siri natural language commands and dictation,"Gold, Space Gray, Silver, Red",HSDPA 850 / 900 / 1700(AWS) / 1900 / 2100,"HSPA 42.2/5.76 Mbps, LTE-A (3CA) Cat12 600/150 Mbps, EV-DO Rev.A 3.1 Mbps","iOS 11, upgradable to iOS 12.2",Apple A11 Bionic (10 nm),Hexa-core (2x Monsoon + 4x Mistral),Apple GPU (three-core graphics),"64/256 GB, 3 GB RAM",,"2160p@24/30/60fps, 1080p@30/60/120/240fps",About 770 EUR,"Quad-LED dual-tone flash, HDR","IP67 dust/water resistant (up to 1m for 30 mins)  Apple Pay (Visa, MasterCard, AMEX certified)","LTE band 1(2100), 2(1900), 3(1800), 4(1700/2100), 5(850), 7(2600), 8(900), 12(700), 13(700), 17(700), 18(800), 19(800), 20(800), 25(1900), 26(850), 28(700), 29(700), 30(2300), 34(2000), 38(2600), 39(1900), 40(2300), 41(2500), 66(1700/2100)","Front/back glass, aluminum frame","Ion-strengthened glass, oleophobic coating",,"12 MP, f/1.8, 28mm (wide), OIS, PDAF  12 MP, f/2.8, 57mm (telephoto), 2x optical zoom, PDAF",,"Face detection, HDR",1080p@30fps,Yes,Fast battery charging 15W: 50% in 30 min  USB Power Delivery 2.0  Qi wireless charging,,Basemark OS II 2.0: 3806,Photo / Video,Voice 76dB / Noise 74dB / Ring 79dB,Noise -93.5dB / Crosstalk -80.2dB,Endurance rating 81h,"Contrast ratio: 1395:1 (nominal), 3.957 (sunlight)","7 MP, f/2.2, 32mm (standard)",,,,,Active noise cancellation with dedicated mic,0.99 W/kg (head) �� �� 0.99 W/kg (body) �� ��,,,,1.19 W/kg (head) �� �� 1.19 W/kg (body) �� ��,Non-removable Li-Ion 2691 mAh battery (10.28 Wh),,Up to 60 h,,,,,,,Up to 21 h (3G),
Apple,iPhone 8,GSM / HSPA / LTE,GSM 850 / 900 / 1800 / 1900,Yes,Yes,"2017, September","Available. Released 2017, September",138.4 x 67.3 x 7.3 mm (5.45 x 2.65 x 0.29 in),148 g (5.22 oz),Nano-SIM,"IPS LCD capacitive touchscreen, 16M colors","4.7 inches, 60.9 cm (~65.4% screen-to-body ratio)","750 x 1334 pixels, 16:9 ratio (~326 ppi density)",Wide color gamut  3D Touch display & home button  True-tone,No,,,"Yes, with stereo speakers",,No,"Wi-Fi 802.11 a/b/g/n/ac, dual-band, hotspot","5.0, A2DP, LE","Yes, with A-GPS, GLONASS, GALILEO, QZSS",No,"2.0, proprietary reversible connector","Fingerprint (front-mounted), accelerometer, gyro, proximity, compass, barometer",,,,,,,Siri natural language commands and dictation,"Silver, Space Gray, Gold, Red",HSDPA 850 / 900 / 1700(AWS) / 1900 / 2100,"HSPA 42.2/5.76 Mbps, LTE-A (3CA) Cat12 600/150 Mbps, EV-DO Rev.A 3.1 Mbps","iOS 11, upgradable to iOS 12.2",Apple A11 Bionic (10 nm),Hexa-core (2x Monsoon + 4x Mistral),Apple GPU (three-core graphics),"64/256 GB, 2 GB RAM","12 MP, f/1.8, 28mm (wide), OIS, PDAF","2160p@24/30/60fps, 1080p@30/60/120/240fps",About 700 EUR,"Quad-LED dual-tone flash, HDR","IP67 dust/water resistant (up to 1m for 30 mins)  Apple Pay (Visa, MasterCard, AMEX certified)","LTE band 1(2100), 2(1900), 3(1800), 4(1700/2100), 5(850), 7(2600), 8(900), 12(700), 13(700), 17(700), 18(800), 19(800), 20(800), 25(1900), 26(850), 28(700), 29(700), 30(2300), 34(2000), 38(2600), 39(1900), 40(2300), 41(2500), 66(1700/2100)","Front/back glass, aluminum frame","Ion-strengthened glass, oleophobic coating",,,,"Face detection, HDR, panorama",1080p@30fps,Yes,Fast battery charging 15W: 50% in 30 min  USB Power Delivery 2.0  Qi wireless charging,,Basemark OS II 2.0: 3934,Photo / Video,Voice 71dB / Noise 77dB / Ring 80dB,Noise -93.5dB / Crosstalk -80.4dB,Endurance rating 66h,"Contrast ratio: 1395:1 (nominal), 3.957 (sunlight)","7 MP, f/2.2",,,,,Active noise cancellation with dedicated mic,1.19 W/kg (head) �� �� 1.17 W/kg (body) �� ��,,,,1.32 W/kg (head) �� �� 1.36 W/kg (body) �� ��,Non-removable Li-Ion 1821 mAh battery (6.96 Wh),,Up to 40 h,,,,,,,Up to 14 h (3G),
Apple,Watch Edition Series 3,GSM / HSPA / LTE,GSM 850 / 900 / 1800 / 1900,Yes,Yes,"2017, September","Available. Released 2017, September",42.6 x 36.5 x 11.4 mm (1.68 x 1.44 x 0.45 in),46.4 g (1.62 oz),Electronic SIM card (eSIM),"OLED capacitive touchscreen, 16M colors","1.65 inches, 8.6 cm (~55.1% screen-to-body ratio)",390 x 312 pixels (~303 ppi density),3D Touch display  1000 nits,No,,,Yes,,No,Wi-Fi 802.11 b/g/n,"4.2, A2DP, LE","Yes, with A-GPS, GLONASS",No,No,"Accelerometer, gyro, heart rate, barometer",,,,,,,MP3 player  Photo viewer  Siri natural language commands and dictation (talking mode),"White, Gray","HSDPA 850 / 900 / 2100 / 800 - Europe, Australia (A1891)","HSPA, LTE","watchOS 4.0, upgradable to 5.1.3",Apple S3,Dual-core,PowerVR,"16 GB, 768 MB RAM (to be confirmed)",,,About 1450 EUR,,50m waterproof,"LTE band 1(2100), 3(1800), 5(850), 7(2600), 8(900), 18(800), 19(800), 20(800), 26(850) - Europe, Australia (A1891)",Ceramic case/back,Sapphire crystal glass,,,,,,Yes,,,,,,,,,,,,,,,,,,,0.35 W/kg (head) �� �� 0.18 W/kg (body) �� ��,Non-removable Li-Ion 279 mAh battery (1.07 Wh) - 38mm version,,,,,,No,,"LTE band 1(2100), 3(1800), 39(1900), 40(2300), 41(2500) - China (A1892)",,Up to 18 h (mixed usage)
Apple,Watch Series 3,GSM / HSPA / LTE,GSM 850 / 900 / 1800 / 1900,Yes,Yes,"2017, September","Available. Released 2017, September",42.5 x 36.4 x 11.4 mm (1.67 x 1.43 x 0.45 in),52.8 g (1.87 oz),Electronic SIM card (eSIM),"OLED capacitive touchscreen, 16M colors","1.65 inches, 8.6 cm (~55.4% screen-to-body ratio)",390 x 312 pixels (~303 ppi density),3D Touch display  1000 nits,No,,,Yes,,No,Wi-Fi 802.11 b/g/n,"4.2, A2DP, LE","Yes, with A-GPS, GLONASS",No,No,"Accelerometer, gyro, heart rate, barometer",,,,,,,MP3 player  Photo viewer  Siri natural language commands and dictation (talking mode),"Space Black, Silver","HSDPA 850 / 900 / 2100 / 800 - Europe, Australia (A1891)","HSPA, LTE","watchOS 4.0, upgradable to 5.1.3",Apple S3,Dual-core,PowerVR,"16 GB, 768 MB RAM (to be confirmed)",,,About 700 EUR,,50m waterproof,"LTE band 1(2100), 3(1800), 5(850), 7(2600), 8(900), 18(800), 19(800), 20(800), 26(850) - Europe, Australia (A1891)",Stainless Steel/Ceramic back,Sapphire crystal glass,,,,,,Yes,,,,,,,,,,,,,,,,,,,0.35 W/kg (head) �� �� 0.18 W/kg (body) �� ��,Non-removable Li-Ion 279 mAh battery (1.07 Wh) - 38mm version,,,,,,No,,"LTE band 1(2100), 3(1800), 39(1900), 40(2300), 41(2500) - China (A1892)",,Up to 18 h (mixed usage)
Apple,Watch Series 3 Aluminum,GSM / HSPA / LTE,GSM 850 / 900 / 1800 / 1900,Yes,Yes,"2017, September","Available. Released 2017, September",42.5 x 36.4 x 11.4 mm (1.67 x 1.43 x 0.45 in),34.9 g (1.23 oz),Electronic SIM card (eSIM),"OLED capacitive touchscreen, 16M colors","1.65 inches, 8.6 cm (~55.4% screen-to-body ratio)",390 x 312 pixels (~303 ppi density),3D Touch display  1000 nits,No,,,Yes,,No,Wi-Fi 802.11 b/g/n,"4.2, A2DP, LE","Yes, with A-GPS, GLONASS",No,No,"Accelerometer, gyro, heart rate, barometer",,,,,,,MP3 player  Photo viewer  Siri natural language commands and dictation (talking mode),"Silver, Gold, Space Gray","HSDPA 850 / 900 / 2100 / 800 - Europe, Australia (A1891)","HSPA, LTE","watchOS 4.0, upgradable to 5.1.3",Apple S3,Dual-core,PowerVR,"8/16 GB, 768 MB RAM (to be confirmed)",,,About 480 EUR,,50m waterproof,"LTE band 1(2100), 3(1800), 5(850), 7(2600), 8(900), 18(800), 19(800), 20(800), 26(850) - Europe, Australia (A1891)",Aluminum/Ceramic back,Ion-X strengthened glass,,,,,,Yes,,,,,,,,,,,,,,,,,,,0.52 W/kg (head) �� �� 0.34 W/kg (body) �� ��,Non-removable Li-Ion 279 mAh battery (1.07 Wh) - 38mm version,,,,,,No,,"LTE band 1(2100), 3(1800), 39(1900), 40(2300), 41(2500) - China (A1892)",,Up to 18 h (mixed usage)
Apple,iPad Pro 12.9 (2017),GSM / CDMA / HSPA / EVDO / LTE,GSM 850 / 900 / 1800 / 1900,Yes,Yes,"2017, June","Available. Released 2017, June",305.7 x 220.6 x 6.9 mm (12.04 x 8.69 x 0.27 in),677 g (Wi-Fi) / 692 g (LTE) (1.49 lb),"Nano-SIM, Electronic SIM card (eSIM)","IPS LCD capacitive touchscreen, 16M colors","12.9 inches, 515.3 cm (~76.4% screen-to-body ratio)","2732 x 2048 pixels, 4:3 ratio (~265 ppi density)",True-tone  120 Hz touch-sensing,No,,,"Yes, with stereo speakers (4 speakers)",,Yes,"Wi-Fi 802.11 a/b/g/n/ac, dual-band, hotspot","4.2, A2DP, EDR","Yes, with A-GPS, GLONASS (Wi���Fi + Cellular model only)",No,"3.0, proprietary reversible connector; magnetic connector","Fingerprint (front-mounted), accelerometer, gyro, compass, barometer",,,,,,,Siri natural language commands and dictation,"Space Gray, Gold, Silver",HSDPA 850 / 900 / 1700(AWS) / 1900 / 2100,"HSPA 42.2/5.76 Mbps, LTE-A (3CA) Cat9 450/50 Mbps, EV-DO Rev.A 3.1 Mbps","iOS 10.3.2, upgradable to iOS 12.2",Apple A10X Fusion (10 nm),,,"64/256/512 GB, 4GB RAM","12 MP, f/1.8, 1/3"", OIS, PDAF","2160p@30fps, 1080p@30/60fps, 1080p@120fps, 720p@240fps",About 900 EUR,"Quad-LED dual-tone flash, HDR",Stylus,"LTE band 1(2100), 2(1900), 3(1800), 4(1700/2100), 5(850), 7(2600), 8(900), 11(1500), 12(700), 13(700), 17(700), 18(800), 19(800), 20(800), 21(1500), 25(1900), 26(850), 27(800), 28(700), 29(700), 30(2300), 38(2600), 39(1900), 40(2300), 41(2500)",,"Scratch-resistant glass, oleophobic coating",,,,"Face detection, HDR, panorama",1080p@30fps,Yes,,,,,,,,,"7 MP, f/2.2, 32mm (standard)",,,,,Active noise cancellation with dedicated mic,,,,,,"Non-removable Li-Ion 10,891 mAh battery (41 Wh)",,,,,,,,CDMA2000 1xEV-DO,Up to 10 h (multimedia),
Apple,iPad Pro 10.5 (2017),GSM / CDMA / HSPA / EVDO / LTE,GSM 850 / 900 / 1800 / 1900,Yes,Yes,"2017, June","Available. Released 2017, June",250.6 x 174.1 x 6.1 mm (9.87 x 6.85 x 0.24 in),469 g (Wi-Fi) / 477 g (LTE) (1.03 lb),"Nano-SIM, Electronic SIM card (eSIM)","IPS LCD capacitive touchscreen, 16M colors","10.5 inches, 341.4 cm (~78.3% screen-to-body ratio)","1668 x 2224 pixels, 4:3 ratio (~265 ppi density)",True-tone  120 Hz,No,,,"Yes, with stereo speakers (4 speakers)",,Yes,"Wi-Fi 802.11 a/b/g/n/ac, dual-band, hotspot","4.2, A2DP, EDR","Yes, with A-GPS, GLONASS (Wi���Fi + Cellular model only)",No,"3.0, proprietary reversible connector; magnetic connector","Fingerprint (front-mounted), accelerometer, gyro, compass, barometer",,,,,,,Siri natural language commands and dictation,"Space Gray, Rose Gold, Gold, Silver",HSDPA 850 / 900 / 1700(AWS) / 1900 / 2100,"HSPA 42.2/5.76 Mbps, LTE-A (3CA) Cat9 450/50 Mbps, EV-DO Rev.A 3.1 Mbps","iOS 10.3.2, upgradable to iOS 12.2",Apple A10X Fusion (10 nm),,,"64/256/512 GB, 4GB RAM","12 MP, f/1.8, 1/3"", OIS, PDAF","2160p@30fps, 1080p@30/60fps, 1080p@120fps, 720p@240fps",About 730 EUR,"Quad-LED dual-tone flash, HDR",Stylus,"LTE band 1(2100), 2(1900), 3(1800), 4(1700/2100), 5(850), 7(2600), 8(900), 11(1500), 12(700), 13(700), 17(700), 18(800), 19(800), 20(800), 21(1500), 25(1900), 26(850), 27(800), 28(700), 29(700), 30(2300), 38(2600), 39(1900), 40(2300), 41(2500)",,"Scratch-resistant glass, oleophobic coating",,,,"Face detection, HDR, panorama",1080p@30fps,Yes,,,,,,,,,"7 MP, f/2.2, 32mm (standard)",,,,,Active noise cancellation with dedicated mic,,,,,,Non-removable Li-Ion 8134 mAh battery (30.8 Wh),,,,,,,,CDMA2000 1xEV-DO,Up to 10 h (multimedia),
Apple,iPad 9.7 (2017),GSM / CDMA / HSPA / EVDO / LTE,GSM 850 / 900 / 1800 / 1900,Yes,Yes,"2017, March","Available. Released 2017, March",240 x 169.5 x 7.5 mm (9.45 x 6.67 x 0.30 in),469 g (Wi-Fi) / 478 g (LTE) (1.05 lb),"Nano-SIM, Electronic SIM card (eSIM)","IPS LCD capacitive touchscreen, 16M colors","9.7 inches, 291.4 cm (~71.6% screen-to-body ratio)","1536 x 2048 pixels, 4:3 ratio (~264 ppi density)",,No,,,"Yes, with stereo speakers",,Yes,"Wi-Fi 802.11 a/b/g/n/ac, dual-band, hotspot","4.2, A2DP, EDR, LE","Yes, with A-GPS, GLONASS (Wi���Fi + Cellular model only)",No,"2.0, proprietary reversible connector","Fingerprint (front-mounted), accelerometer, gyro, compass, barometer",,,,,,,Siri natural language commands and dictation,"Silver, Gold, Space Gray",HSDPA 800 / 850 / 900 / 1700(AWS) / 1900 / 2100,"HSPA 42.2/5.76 Mbps, LTE-A Cat4 150/50 Mbps, EV-DO Rev.A 3.1 Mbps","iOS 10.3, upgradable to iOS 12.2",Apple A9 (14 nm),Dual-core 1.84 GHz (Twister),PowerVR GT7600 (six-core graphics),"32/128 GB, 2 GB RAM","8 MP, f/2.4, 31mm (standard), 1.12��m, AF","1080p@30fps, 720p@120fps, HDR, stereo sound rec.",About 390 EUR,HDR,,"LTE band 1(2100), 2(1900), 3(1800), 4(1700/2100), 5(850), 7(2600), 8(900), 12(700), 13(700), 17(700), 18(800), 19(800), 20(800), 25(1900), 26(850), 28(700), 29(700), 38(2600), 39(1900), 40(2300), 41(2500)","Front glass, aluminum body","Scratch-resistant glass, oleophobic coating",,,,"Face detection, HDR, panorama",720p@30fps,,,,,,,,,,"1.2 MP, f/2.2, 31mm (standard)",,,,,Active noise cancellation with dedicated mic,,,,,,Non-removable Li-Ion 8827 mAh battery (32.9 Wh),,,,,,,,CDMA2000 1xEV-DO,Up to 10 h (multimedia),
Apple,Watch Edition Series 2 42mm,No cellular connectivity,N/A,No,No,"2016, September. Released 2016, December",Discontinued,42.6 x 36.5 x 11.4 mm (1.68 x 1.44 x 0.45 in),45.6 g body (1.62 oz),No,"OLED capacitive touchscreen, 16M colors","1.65 inches, 8.6 cm (~55.1% screen-to-body ratio)",390 x 312 pixels (~303 ppi density),3D Touch display  1000 nits,No,,,Yes,,No,Wi-Fi 802.11 b/g/n,"4.0, LE","Yes, with GLONASS",No,No,"Accelerometer, gyro, heart rate",,,,,,,MP3 player  Photo viewer  Siri natural language commands and dictation,Sport Band/White,,,"watchOS 3.0, upgradable to 5.1.3",Apple S2 (16 nm),Dual-core 780 MHz Cortex-A7,PowerVR G6200,"8 GB, 512 MB RAM",,,About 1500 EUR,,50m waterproof,,Ceramic case/back,Sapphire crystal glass,,,,,,Yes,,,,,,,,,,,,,,,,,,,,Non-removable Li-Ion 334 mAh battery (1.27 Wh),,,,,,No,,,,Up to 18 h (mixed usage)
Apple,Watch Edition Series 2 38mm,No cellular connectivity,N/A,No,No,"2016, September. Released 2016, December",Discontinued,39.2 x 34 x 11.8 mm (1.54 x 1.34 x 0.46 in),39.6 g body (1.41 oz),No,"OLED capacitive touchscreen, 16M colors","1.5 inches, 7.1 cm (~53.1% screen-to-body ratio)",340 x 272 pixels (~290 ppi density),3D Touch display  1000 nits,No,,,Yes,,No,Wi-Fi 802.11 b/g/n,"4.0, LE","Yes, with GLONASS",No,No,"Accelerometer, gyro, heart rate",,,,,,,MP3 player  Photo viewer  Siri natural language commands and dictation,Sport Band/White,,,"watchOS 3.0, upgradable to 5.1.3",Apple S2 (16 nm),Dual-core 780 MHz Cortex-A7,PowerVR G6200,"8 GB, 512 MB RAM",,,About 1450 EUR,,50m waterproof,,Ceramic case/back,Sapphire crystal glass,,,,,,Yes,,,,,,,,,,,,,,,,,,,,Non-removable Li-Ion 273 mAh battery (1.03 Wh),,,,,,No,,,,Up to 18 h (mixed usage)
Apple,Watch Series 2 42mm,No cellular connectivity,N/A,No,No,"2016, September. Released 2016, December",Discontinued,42.5 x 36.4 x 11.4 mm (1.67 x 1.43 x 0.45 in),52.4 g body (1.83 oz),No,"OLED capacitive touchscreen, 16M colors","1.65 inches, 8.6 cm (~55.4% screen-to-body ratio)",390 x 312 pixels (~303 ppi density),3D Touch display  1000 nits,No,,,Yes,,No,Wi-Fi 802.11 b/g/n,"4.0, A2DP","Yes, with GLONASS",No,No,"Accelerometer, gyro, heart rate",,,,,,,MP3 player  Photo viewer  Siri natural language commands and dictation,"Sport band: silver case/white, black case/black Leather band: silver case/blue, brown, orange Stainless Steel band: silver case/silver, black case/black",,,"watchOS 3.0, upgradable to 5.1.3",Apple S2 (16 nm),Dual-core 780 MHz Cortex-A7,PowerVR G6200,"8 GB, 512 MB RAM",,,About 700 EUR,,50m waterproof,,Stainless Steel/Ceramic back,Sapphire crystal glass,,,,,,Yes,,,,,,,,,,,,,,,,,,,,Non-removable Li-Ion 334 mAh battery (1.27 Wh),,,,,,No,,,,Up to 18 h (mixed usage)
Apple,Watch Series 2 38mm,No cellular connectivity,N/A,No,No,"2016, September. Released 2016, December",Discontinued,38.6 x 33.3 x 11.4 mm (1.52 x 1.31 x 0.45 in),41.9 g body (1.48 oz),No,"OLED capacitive touchscreen, 16M colors","1.5 inches, 7.1 cm (~55.1% screen-to-body ratio)",340 x 272 pixels (~290 ppi density),3D Touch display  1000 nits,No,,,Yes,,No,Wi-Fi 802.11 b/g/n,"4.0, A2DP","Yes, with GLONASS",No,No,"Accelerometer, gyro, heart rate",,,,,,,MP3 player  Photo viewer  Siri natural language commands and dictation,"Sport band: silver case/white, black case/blackLeather band: silver case/blue, brown, gray, red Stainless Steel band: silver case/silver, black case/black",,,"watchOS 3.0, upgradable to 5.1.3",Apple S2 (16 nm),Dual-core 780 MHz Cortex-A7,PowerVR G6200,"8 GB, 512 MB RAM",,,About 650 EUR,,50m waterproof,,Stainless Steel/Ceramic back,Sapphire crystal glass,,,,,,Yes,,,,,,,,,,,,,,,,,,,,Non-removable Li-Ion 273 mAh battery (1.03 Wh),,,,,,No,,,,Up to 18 h (mixed usage)
Apple,Watch Series 2 Aluminum 42mm,No cellular connectivity,N/A,No,No,"2016, September. Released 2016, December",Discontinued,42.5 x 36.4 x 11.4 mm (1.67 x 1.43 x 0.45 in),34.2 g body (1.20 oz),No,"OLED capacitive touchscreen, 16M colors","1.65 inches, 8.6 cm (~55.4% screen-to-body ratio)",390 x 312 pixels (~303 ppi density),3D Touch display  1000 nits,No,,,Yes,,No,Wi-Fi 802.11 b/g/n,"4.0, A2DP","Yes, with GLONASS",No,No,"Accelerometer, gyro, heart rate",,,,,,,MP3 player  Photo viewer  Siri natural language commands and dictation,"Case colors: silver, gold, rose gold, gray Band colors: gray, white, blue, brown, orange, black Band types: sport, woven nylon",,,"watchOS 3.0, upgradable to 5.1.3",Apple S2 (16 nm),Dual-core 780 MHz Cortex-A7,PowerVR G6200,"8 GB, 512 MB RAM",,,About 450 EUR,,50m waterproof,,Aluminum/Ceramic back,Ion-X strengthened glass,,,,,,Yes,,,,,,,,,,,,,,,,,,,,Non-removable Li-Ion 334 mAh battery (1.27 Wh),,,,,,No,,,,Up to 18 h (mixed usage)
Apple,Watch Series 1 Aluminum 42mm,No cellular connectivity,N/A,No,No,"2016, September","Available. Released 2016, December",42.5 x 36.4 x 10.5 mm (1.67 x 1.43 x 0.41 in),30 g body (1.06 oz),No,"OLED capacitive touchscreen, 16M colors","1.65 inches, 8.6 cm (~55.4% screen-to-body ratio)",390 x 312 pixels (~303 ppi density),3D Touch display  450 nits,No,,,Yes,,No,Wi-Fi 802.11 b/g/n,"4.0, LE",No,No,No,"Accelerometer, gyro, heart rate",,,,,,,MP3 player  Photo viewer  Siri natural language commands and dictation,"Case colors: silver, gold, rose gold, gray Band colors: brown, white, black, blue Band types: sport",,,"watchOS 3.0, upgradable to 5.1.3",Apple S1P (28 nm),Dual-core 520 MHz Cortex-A7,PowerVR G6200,"8 GB, 512 MB RAM",,,About 300 EUR,,IPX7 water resistant up to 1 meter and 30 minutes,,Aluminum/Composite back,Ion-X strengthened glass,,,,,,Yes,,,,,,,,,,,,,,,,,,,,Non-removable Li-Ion 250 mAh battery (0.94 Wh),,,,,,No,,,,Up to 18 h (mixed usage)
Apple,Watch Series 2 Aluminum 38mm,No cellular connectivity,N/A,No,No,"2016, September. Released 2016, December",Discontinued,38.6 x 33.3 x 11.4 mm (1.52 x 1.31 x 0.45 in),28.2 g body (0.99 oz),No,"OLED capacitive touchscreen, 16M colors","1.5 inches, 7.1 cm (~55.1% screen-to-body ratio)",340 x 272 pixels (~290 ppi density),3D Touch display  1000 nits,No,,,Yes,,No,Wi-Fi 802.11 b/g/n,"4.0, A2DP","Yes, with GLONASS",No,No,"Accelerometer, gyro, heart rate",,,,,,,MP3 player  Photo viewer  Siri natural language commands and dictation,"Case colors: silver, gold, rose gold, gray Band colors: gray, white, blue, yellow, pink, black Band types: sport, woven nylon",,,"watchOS 3.0, upgradable to 5.1.3",Apple S2 (16 nm),Dual-core 780 MHz Cortex-A7,PowerVR G6200,"8 GB, 512 MB RAM",,,About 420 EUR,,50m waterproof,,Aluminum/Ceramic back,Ion-X strengthened glass,,,,,,Yes,,,,,,,,,,,,,,,,,,,,Non-removable Li-Ion 273 mAh battery (1.03 Wh),,,,,,No,,,,Up to 18 h (mixed usage)
Apple,Watch Series 1 Aluminum 38mm,No cellular connectivity,N/A,No,No,"2016, September","Available. Released 2016, December",38.6 x 33.3 x 10.5 mm (1.52 x 1.31 x 0.41 in),25 g body (0.88 oz),No,"OLED capacitive touchscreen, 16M colors","1.5 inches, 7.1 cm (~55.1% screen-to-body ratio)",340 x 272 pixels (~290 ppi density),3D Touch display  450 nits,No,,,Yes,,No,Wi-Fi 802.11 b/g/n,"4.0, LE",No,No,No,"Accelerometer, gyro, heart rate",,,,,,,MP3 player  Photo viewer  Siri natural language commands and dictation,"Case colors: silver, gold, rose gold, gray Band colors: gray, white, black, pink Band types: sport",,,"watchOS 3.0, upgradable to 5.1.3",Apple S1P (28 nm),Dual-core 520 MHz Cortex-A7,PowerVR G6200,"8 GB, 512 MB RAM",,,About 270 EUR,,IPX7 water resistant up to 1 meter and 30 minutes,,Aluminum/Composite back,Ion-X strengthened glass,,,,,,Yes,,,,,,,,,,,,,,,,,,,,Non-removable Li-Ion 205 mAh battery (0.78 Wh),,,,,,No,,,,Up to 18 h (mixed usage)
Apple,iPhone 7 Plus,GSM / CDMA / HSPA / EVDO / LTE,"GSM 850 / 900 / 1800 / 1900 - A1661, A1784",Yes,Yes,"2016, September","Available. Released 2016, September",158.2 x 77.9 x 7.3 mm (6.23 x 3.07 x 0.29 in),188 g (6.63 oz),Nano-SIM,"IPS LCD capacitive touchscreen, 16M colors","5.5 inches, 83.4 cm (~67.7% screen-to-body ratio)","1080 x 1920 pixels, 16:9 ratio (~401 ppi density)",Wide color gamut  3D Touch display & home button,No,,,"Yes, with stereo speakers",,No,"Wi-Fi 802.11 a/b/g/n/ac, dual-band, hotspot","4.2, A2DP, LE","Yes, with A-GPS, GLONASS, GALILEO, QZSS",No,"2.0, proprietary reversible connector","Fingerprint (front-mounted), accelerometer, gyro, proximity, compass, barometer",,,,,,,Siri natural language commands and dictation,"Jet Black, Black, Silver, Gold, Rose Gold, Red","HSDPA 850 / 900 / 1700(AWS) / 1900 / 2100 - A1661, A1784","HSPA 42.2/5.76 Mbps, LTE-A (3CA) Cat9 450/50 Mbps, EV-DO Rev.A 3.1 Mbps","iOS 10.0.1, upgradable to iOS 12.2",Apple A10 Fusion (16 nm),Quad-core 2.34 GHz (2x Hurricane + 2x Zephyr),PowerVR Series7XT Plus (six-core graphics),"32/128/256 GB, 3 GB RAM",,"2160p@30fps, 1080p@30/60/120fps, 720p@240fps",About 690 EUR,"Quad-LED dual-tone flash, HDR","IP67 dust/water resistant (up to 1m for 30 mins)  Apple Pay (Visa, MasterCard, AMEX certified)","LTE band 1(2100), 2(1900), 3(1800), 4(1700/2100), 5(850), 7(2600), 8(900), 12(700), 13(700), 17(700), 18(800), 19(800), 20(800), 25(1900), 26(850), 27(800), 28(700), 29(700), 30(2300), 38(2600), 39(1900), 40(2300), 41(2500) - A1661, A1784","Front glass, body","Ion-strengthened glass, oleophobic coating",,"12 MP, f/1.8, 28mm (wide), 1/3"", OIS, PDAF  12 MP, f/2.8, 56mm (telephoto), 1/3.6"", 2x optical zoom, AF",,"Face detection, HDR",1080p@30fps,Yes,,,Basemark OS II 2.0: 3796,Photo / Video,Voice 68dB / Noise 72dB / Ring 72dB,Noise -93.1dB / Crosstalk -80.5dB,Endurance rating 75h,"Contrast ratio: 1398:1 (nominal), 3.588 (sunlight)","7 MP, f/2.2, 32mm (standard)",,,,,Active noise cancellation with dedicated mic,1.24 W/kg (head) �� �� 1.00 W/kg (body) �� ��,,,,1.19 W/kg (head) �� �� 1.19 W/kg (body) �� ��,Non-removable Li-Ion 2900 mAh battery (11.1 Wh),,Up to 60 h,,,,,,CDMA2000 1xEV-DO & TD-SCDMA - A1661,Up to 21 h (3G),Up to 384 h (3G)
Apple,iPhone 7,GSM / CDMA / HSPA / EVDO / LTE,"GSM 850 / 900 / 1800 / 1900 - A1660, A1778",Yes,Yes,"2016, September","Available. Released 2016, September",138.3 x 67.1 x 7.1 mm (5.44 x 2.64 x 0.28 in),138 g (4.87 oz),Nano-SIM,"IPS LCD capacitive touchscreen, 16M colors","4.7 inches, 60.9 cm (~65.6% screen-to-body ratio)","750 x 1334 pixels, 16:9 ratio (~326 ppi density)",Wide color gamut  3D Touch display & home button,No,,,"Yes, with stereo speakers",,No,"Wi-Fi 802.11 a/b/g/n/ac, dual-band, hotspot","4.2, A2DP, LE","Yes, with A-GPS, GLONASS, GALILEO, QZSS",No,"2.0, proprietary reversible connector","Fingerprint (front-mounted), accelerometer, gyro, proximity, compass, barometer",,,,,,,Siri natural language commands and dictation,"Jet Black, Black, Silver, Gold, Rose Gold, Red","HSDPA 850 / 900 / 1700(AWS) / 1900 / 2100 - A1660, A1778","HSPA 42.2/5.76 Mbps, LTE-A (3CA) Cat9 450/50 Mbps, EV-DO Rev.A 3.1 Mbps","iOS 10.0.1, upgradable to iOS 12.2",Apple A10 Fusion (16 nm),Quad-core 2.34 GHz (2x Hurricane + 2x Zephyr),PowerVR Series7XT Plus (six-core graphics),"32/128/256 GB, 2 GB RAM","12 MP, f/1.8, 28mm (wide), 1/3"", OIS, PDAF","2160p@30fps, 1080p@30/60/120fps, 720p@240fps",About 550 EUR,"Quad-LED dual-tone flash, HDR","IP67 dust/water resistant (up to 1m for 30 mins)  Apple Pay (Visa, MasterCard, AMEX certified)","LTE band 1(2100), 2(1900), 3(1800), 4(1700/2100), 5(850), 7(2600), 8(900), 12(700), 13(700), 17(700), 18(800), 19(800), 20(800), 25(1900), 26(850), 27(800), 28(700), 29(700), 30(2300), 38(2600), 39(1900), 40(2300), 41(2500) - A1660, A1778","Front glass, aluminum body","Ion-strengthened glass, oleophobic coating",,,,"Face detection, HDR, panorama",1080p@30fps,Yes,,,Basemark OS II 2.0: 3416,Photo / Video,Voice 67dB / Noise 73dB / Ring 75dB,Noise -92.4dB / Crosstalk -80.9dB,Endurance rating 61h,"Contrast ratio: 1603:1 (nominal), 3.964 (sunlight)","7 MP, f/2.2, 32mm (standard)",,,,,Active noise cancellation with dedicated mic,1.38 W/kg (head) �� �� 1.34 W/kg (body) �� ��,,,,1.19 W/kg (head) �� �� 1.19 W/kg (body) �� ��,Non-removable Li-Ion 1960 mAh battery (7.45 Wh),,Up to 40 h,,,,,,CDMA2000 1xEV-DO & TD-SCDMA - A1660,Up to 14 h (3G),
Apple,iPad Pro 9.7 (2016),GSM / CDMA / HSPA / EVDO / LTE,GSM 850 / 900 / 1800 / 1900,Yes,Yes,"2016, March","Available. Released 2016, March",240 x 169.5 x 6.1 mm (9.45 x 6.67 x 0.24 in),437 g (Wi-Fi) / 444 g (LTE) (15.66 oz),"Nano-SIM, Electronic SIM card (eSIM)","IPS LCD capacitive touchscreen, 16M colors","9.7 inches, 291.4 cm (~71.6% screen-to-body ratio)","1536 x 2048 pixels, 4:3 ratio (~264 ppi density)",True-tone  120 Hz touch-sensing,No,,,"Yes, with stereo speakers (4 speakers)",,Yes,"Wi-Fi 802.11 a/b/g/n/ac, dual-band, hotspot","4.2, A2DP, EDR","Yes, with A-GPS, GLONASS (Wi���Fi + Cellular model only)",No,"2.0, proprietary reversible connector; magnetic connector","Fingerprint (front-mounted), accelerometer, gyro, compass, barometer",,,,,,,Siri natural language commands and dictation,"Silver, Gold, Space Gray, Rose Gold",HSDPA 800 / 850 / 900 / 1700(AWS) / 1900 / 2100,"HSPA 42.2/5.76 Mbps, LTE-A Cat4 150/50 Mbps, EV-DO Rev.A 3.1 Mbps","iOS 9.3.2, upgradable to iOS 12.2",Apple A9X (16 nm),Dual-core 2.16 GHz (Twister),PowerVR Series 7 (12-core graphics),"32/128/256 GB, 2 GB RAM","12 MP, f/2.2, 29mm (standard), 1/3"", 1.22��m, PDAF","2160p@30fps, 1080p@30/60fps, 1080p@120fps, 720p@240fps",About 690 EUR,"Dual-LED dual-tone flash, HDR",Stylus,"LTE band 1(2100), 2(1900), 3(1800), 4(1700/2100), 5(850), 7(2600), 8(900), 12(700), 13(700), 17(700), 18(800), 19(800), 20(800), 25(1900), 26(850), 27(800), 28(700), 29(700), 30(2300), 38(2600), 39(1900), 40(2300), 41(2500)",,"Scratch-resistant glass, oleophobic coating",,,,"Face detection, HDR, panorama",1080p@30fps,Yes,,,,,,,,,"5 MP, f/2.2, 31mm (standard)",,,,,Active noise cancellation with dedicated mic,,,,,,Non-removable Li-Ion 7306 mAh battery (27.9 Wh),,,,,,,,CDMA2000 1xEV-DO,Up to 10 h (multimedia),
Apple,iPhone SE,GSM / CDMA / HSPA / EVDO / LTE,"GSM 850 / 900 / 1800 / 1900 - A1662, A1723",Yes,Yes,"2016, March","Available. Released 2016, March",123.8 x 58.6 x 7.6 mm (4.87 x 2.31 x 0.30 in),113 g (3.99 oz),Nano-SIM,"IPS LCD capacitive touchscreen, 16M colors","4.0 inches, 44.1 cm (~60.8% screen-to-body ratio)","640 x 1136 pixels, 16:9 ratio (~326 ppi density)",,No,,,Yes,,Yes,"Wi-Fi 802.11 a/b/g/n/ac, hotspot","4.2, A2DP, LE","Yes, with A-GPS, GLONASS",No,"2.0, proprietary reversible connector","Fingerprint (front-mounted), accelerometer, gyro, proximity, compass",,,,,,,Siri natural language commands and dictation,"Space Gray, Silver, Gold, Rose Gold","HSDPA 800 / 850 / 900 / 1700(AWS) / 1900 / 2100 - A1662, A1723","HSPA, LTE-A Cat4 150/50 Mbps","iOS 9.3.2, upgradable to iOS 12.2",Apple A9 (14 nm),Dual-core 1.84 GHz Twister,PowerVR GT7600 (six-core graphics),"16/32/64/128 GB, 2 GB RAM","12 MP, f/2.2, 29mm (standard), 1/3"", 1.22��m, PDAF","2160p@30fps, 1080p@30/60fps, 1080p@120fps, 720p@240fps",About 300 EUR,"Dual-LED dual-tone flash, HDR","Apple Pay (Visa, MasterCard, AMEX certified)","LTE band 1(2100), 2(1900), 3(1800), 4(1700/2100), 5(850), 8(900), 12(700), 13(700), 17(700), 18(800), 19(800), 20(800), 25(1900), 26(850), 29(700) - A1662","Front glass, aluminum body",,,,,"Face detection, HDR, panorama",720p@30fps,Yes (Apple Pay only),,,Basemark OS II 2.0: 2163,Photo / Video,Voice 66dB / Noise 65dB / Ring 69dB,Noise -93.0dB / Crosstalk -72.9dB,Endurance rating 73h,"Contrast ratio: 804:1 (nominal), 3.681 (sunlight)","1.2 MP, f/2.4, 31mm (standard)",,,,,16-bit/44.1kHz audio  Active noise cancellation with dedicated mic,0.72 W/kg (head) �� �� 0.97 W/kg (body) �� ��,,,,1.17 W/kg (head) �� �� 1.19 W/kg (body) �� ��,Non-removable Li-Po 1624 mAh battery (6.21 Wh),,Up to 50 h,,,,,,"LTE band 1(2100), 2(1900), 3(1800), 4(1700/2100), 5(850), 7(2600), 8(900), 12(700), 17(700), 18(800), 19(800), 20(800), 25(1900), 26(850), 28(700), 38(2600), 39(1900), 40(2300), 41(2500) - A1723",Up to 14 h (3G),Up to 240 h (2G) / Up to 240 h (3G)
Apple,iPhone 6s Plus,GSM / CDMA / HSPA / EVDO / LTE,GSM 850 / 900 / 1800 / 1900,Yes,Yes,"2015, September","Available. Released 2015, September",158.2 x 77.9 x 7.3 mm (6.23 x 3.07 x 0.29 in),192 g (6.77 oz),Nano-SIM,"IPS LCD capacitive touchscreen, 16M colors","5.5 inches, 83.4 cm (~67.7% screen-to-body ratio)","1080 x 1920 pixels, 16:9 ratio (~401 ppi density)",3D Touch display,No,,,Yes,,Yes,"Wi-Fi 802.11 a/b/g/n/ac, dual-band, hotspot","4.2, A2DP, LE","Yes, with A-GPS, GLONASS, GALILEO, QZSS",No,"2.0, proprietary reversible connector","Fingerprint (front-mounted), accelerometer, gyro, proximity, compass, barometer",,,,,,,Siri natural language commands and dictation,"Space Gray, Silver, Gold, Rose Gold",HSDPA 850 / 900 / 1700 / 1900 / 2100,"HSPA 42.2/5.76 Mbps, LTE-A (2CA) Cat6 300/50 Mbps, EV-DO Rev.A 3.1 Mbps","iOS 9, upgradable to iOS 12.2",Apple A9 (14 nm),Dual-core 1.84 GHz Twister,PowerVR GT7600 (six-core graphics),"16/32/64/128 GB, 2 GB RAM","12 MP, f/2.2, 29mm (standard), 1/3"", 1.22��m, OIS, PDAF","2160p@30fps, 1080p@60fps, 1080p@120fps, 720p@240fps",About 470 EUR,"Dual-LED dual-tone flash, HDR","Apple Pay (Visa, MasterCard, AMEX certified)","LTE band 1(2100), 2(1900), 3(1800), 4(1700/2100), 5(850), 7(2600), 8(900), 12(700), 13(700), 17(700), 18(800), 19(800), 20(800), 25(1900), 26(850), 28(700), 29(700), 30(2300) - A1633","Front glass, aluminum body","Ion-strengthened glass, oleophobic coating",,,,"Face detection, HDR, panorama",1080p@30fps,Yes (Apple Pay only),,,Basemark OS II 2.0: 2261,Photo / Video,Voice 65dB / Noise 65dB / Ring 64dB,Noise -93.4dB / Crosstalk -71.1dB,Endurance rating 85h,"Contrast ratio: 1382:1 (nominal), 3.530 (sunlight)","5 MP, f/2.2, 31mm (standard)",,,,,16-bit/44.1kHz audio  Active noise cancellation with dedicated mic,0.93 W/kg (head) �� �� 0.98 W/kg (body) �� ��,,,,1.12 W/kg (head) �� �� 1.14 W/kg (body) �� ��,Non-removable Li-Ion 2750 mAh battery (10.45 Wh),,Up to 80 h,,,,,,"LTE band 1(2100), 2(1900), 3(1800), 4(1700/2100), 5(850), 7(2600), 8(900), 12(700), 13(700), 17(700), 18(800), 19(800), 20(800), 25(1900), 26(850), 28(700), 29(700), 30(2300), 38(2600), 39(1900), 40(2300), 41(2500) - A1634",Up to 24 h (3G),Up to 384 h (3G)
Apple,iPhone 6s,GSM / CDMA / HSPA / EVDO / LTE,GSM 850 / 900 / 1800 / 1900,Yes,Yes,"2015, September","Available. Released 2015, September",138.3 x 67.1 x 7.1 mm (5.44 x 2.64 x 0.28 in),143 g (5.04 oz),Nano-SIM,"IPS LCD capacitive touchscreen, 16M colors","4.7 inches, 60.9 cm (~65.6% screen-to-body ratio)","750 x 1334 pixels, 16:9 ratio (~326 ppi density)",3D Touch,No,,,Yes,,Yes,"Wi-Fi 802.11 a/b/g/n/ac, dual-band, hotspot","4.2, A2DP, LE","Yes, with A-GPS, GLONASS, GALILEO, QZSS",No,"2.0, proprietary reversible connector","Fingerprint (front-mounted), accelerometer, gyro, proximity, compass, barometer",,,,,,,Siri natural language commands and dictation,"Space Gray, Silver, Gold, Rose Gold",HSDPA 850 / 900 / 1700 / 1900 / 2100,"HSPA 42.2/5.76 Mbps, LTE-A (2CA) Cat6 300/50 Mbps, EV-DO Rev.A 3.1 Mbps","iOS 9, upgradable to iOS 12.2",Apple A9 (14 nm),Dual-core 1.84 GHz Twister,PowerVR GT7600 (six-core graphics),"16/32/64/128 GB, 2 GB RAM","12 MP, f/2.2, 29mm (standard), 1/3"", 1.22��m, PDAF","2160p@30fps, 1080p@60fps,1080p@120fps, 720p@240fps",About 500 EUR,"Dual-LED dual-tone flash, HDR","Apple Pay (Visa, MasterCard, AMEX certified)","LTE band 1(2100), 2(1900), 3(1800), 4(1700/2100), 5(850), 7(2600), 8(900), 12(700), 13(700), 17(700), 18(800), 19(800), 20(800), 25(1900), 26(850), 28(700), 29(700) - A1688","Front glass, aluminum body","Ion-strengthened glass, oleophobic coating",,,,"Face detection, HDR, panorama",1080p@30fps,Yes (Apple Pay only),,,Basemark OS II 2.0: 2195,Photo / Video,Voice 66dB / Noise 64dB / Ring 65dB,Noise -93.8dB / Crosstalk -73.2dB,Endurance rating 62h,"Contrast ratio: 1481 (nominal),  3.783 (sunlight)","5 MP, f/2.2, 31mm (standard)",,,,,16-bit/44.1kHz audio  Active noise cancellation with dedicated mic,0.87 W/kg (head) �� �� 0.98 W/kg (body) �� ��,,,,1.14 W/kg (head) �� �� 1.14 W/kg (body) �� ��,Non-removable Li-Ion 1715 mAh battery (6.91 Wh),,Up to 50 h,,,,,,"LTE band 1(2100), 2(1900), 3(1800), 4(1700/2100), 5(850), 7(2600), 8(900), 12(700), 13(700), 17(700), 18(800), 19(800), 20(800), 25(1900), 26(850), 28(700), 29(700), 30(2300), 38(2600), 39(1900), 40(2300), 41(2500) - A1687",Up to 14 h (3G),Up to 240 h (3G)
Apple,iPad Pro 12.9 (2015),GSM / CDMA / HSPA / EVDO / LTE,GSM 850 / 900 / 1800 / 1900,Yes,Yes,"2015, September","Available. Released 2015, November",305.7 x 220.6 x 6.9 mm (12.04 x 8.69 x 0.27 in),713 g (Wi-Fi) / 723 g (LTE) (1.57 lb),"Nano-SIM, Electronic SIM card (eSIM)","IPS LCD capacitive touchscreen, 16M colors","12.9 inches, 519.2 cm (~77.0% screen-to-body ratio)","2048 x 2732 pixels, 4:3 ratio (~264 ppi density)",,No,,,"Yes, with stereo speakers (4 speakers)",,Yes,"Wi-Fi 802.11 a/b/g/n/ac, dual-band, hotspot","4.0, A2DP, EDR","Yes, with A-GPS, GLONASS (Wi���Fi + Cellular model only)",No,"3.0, proprietary reversible connector; magnetic connector","Fingerprint (front-mounted), accelerometer, gyro, compass, barometer",,,,,,,Siri natural language commands and dictation,"Space Gray, Silver, Gold",HSDPA 850 / 900 / 1700 / 1900 / 2100,"HSPA 42.2/5.76 Mbps, LTE-A Cat4 150/50 Mbps, EV-DO Rev.A 3.1 Mbps","iOS 9, upgradable to iOS 12.2",Apple A9X (16 nm),Dual-core 2.26 GHz (Twister),PowerVR Series 7 (12-core graphics),"32/128/256 GB, 4 GB RAM","8 MP, f/2.4, 31mm (standard), 1.12��m, AF","1080p@30fps, 720p@120fps, HDR, stereo sound rec.",About 850 EUR,HDR,Stylus,"LTE band 1(2100), 2(1900), 3(1800), 4(1700/2100), 5(850), 7(2600), 8(900), 13(700), 17(700), 18(800), 19(800), 20(800), 25(1900), 26(850), 28(700), 29(700), 38(2600), 39(1900), 40(2300), 41(2500)",,"Scratch-resistant glass, oleophobic coating",,,,"face detection, HDR, FaceTime over Wi-Fi or Cellular",720p@30fps,Yes,,,,Photo / Video,,,,,1.2 MP,,,,,Active noise cancellation with dedicated mic,,,,,,"Non-removable Li-Ion 10,307 mAh battery (38.8 Wh)",,,,,,,,CDMA2000 1xEV-DO,Up to 10 h (multimedia),
Apple,iPad mini 4,GSM / CDMA / HSPA / EVDO / LTE,GSM 850 / 900 / 1800 / 1900,Yes,Yes,"2015, September","Available. Released 2015, September",203.2 x 134.8 x 6.1 mm (8.0 x 5.31 x 0.24 in),299 g (Wi-Fi) / 304 g (3G/LTE) (10.55 oz),"Nano-SIM, Electronic SIM card (eSIM)","IPS LCD capacitive touchscreen, 16M colors","7.9 inches, 193.3 cm (~70.6% screen-to-body ratio)","1536 x 2048 pixels, 4:3 ratio (~324 ppi density)",,No,,,"Yes, with stereo speakers",,Yes,"Wi-Fi 802.11 a/b/g/n/ac, dual-band, hotspot","4.0, A2DP, EDR","Yes, with A-GPS, GLONASS (3G/LTE model only)",No,"2.0, proprietary reversible connector","Fingerprint (front-mounted), accelerometer, gyro, compass, barometer",,,,,,,Siri natural language commands and dictation,"Space Gray, Silver, Gold",HSDPA 850 / 900 / 1700 / 1900 / 2100,"HSPA 42.2/5.76 Mbps, LTE-A Cat4 150/50 Mbps, EV-DO Rev.A 3.1 Mbps","iOS 9, upgradable to iOS 12.2",Apple A8 (20 nm),Dual-core 1.5 GHz Typhoon,PowerVR GX6450 (quad-core graphics),"16/32/64/128 GB, 2 GB RAM","8 MP, f/2.4, 32mm (standard), 1.12��m, AF",1080p@30fps,About 360 EUR,HDR,,"LTE band 1(2100), 2(1900), 3(1800), 4(1700/2100), 5(850), 7(2600), 8(900), 13(700), 17(700), 18(800), 19(800), 20(800), 25(1900), 26(850), 28(700), 29(700), 38(2600), 39(1900), 40(2300), 41(2500) - Cellular version only",,"Scratch-resistant glass, oleophobic coating",,,,HDR,720p@30fps,,,,,,,,,,"1.2 MP, f/2.2, 31mm (standard)",,,,,Active noise cancellation with dedicated mic,,,,,,Non-removable Li-Ion 5124 mAh battery (19.1 Wh),,,,,,,,CDMA2000 1xEV-DO,Up to 10 h (multimedia),
Apple,Watch Edition 42mm (1st gen),No cellular connectivity,N/A,No,No,"2014, September","Available. Released 2015, July",42 x 35.9 x 10.5 mm (1.65 x 1.41 x 0.41 in),69 g body (3.53 oz),No,"OLED capacitive touchscreen, 16M colors","1.65 inches, 8.6 cm (~56.8% screen-to-body ratio)",390 x 312 pixels (~303 ppi density),3D Touch display  450 nits,No,,,Yes,,No,Wi-Fi 802.11 b/g/n,"4.0, LE",No,No,No,"Accelerometer, gyro, heart rate",,,,,,,MP3 player  Photo viewer  Siri natural language commands and dictation,"18-karat Rose Gold/White, Midnight Blue Buckle 18-karat Yellow Gold/Black, Black Buckle",,,"watchOS 1.0, upgradable to 4.3.2",Apple S1 (28 nm),520 MHz Cortex-A7,PowerVR SGX543,"8 GB, 512 MB RAM",,,About 13000 EUR,,IPX7 water resistant up to 1 meter and 30 minutes,,"18-karat yellow/rose gold case, ceramic back",Sapphire crystal glass,,,,,,Yes,,,,,,,,,,,,,,,,,,,,Non-removable Li-Ion 250 mAh battery (0.94 Wh),,,,,,No,,,,Up to 18 h (mixed usage)
Apple,Watch Edition 38mm (1st gen),No cellular connectivity,N/A,No,No,"2014, September","Available. Released 2015, July",38.6 x 33.3 x 10.5 mm (1.52 x 1.31 x 0.41 in),55 g body (3.35 oz),No,"OLED capacitive touchscreen, 16M colors","1.5 inches, 7.1 cm (~55.1% screen-to-body ratio)",340 x 272 pixels (~290 ppi density),3D Touch display  450 nits,No,,,Yes,,No,Wi-Fi 802.11 b/g/n,"4.0, LE",No,No,No,"Accelerometer, gyro, heart rate",,,,,,,MP3 player  Photo viewer  Siri natural language commands and dictation,"18-karat Rose Gold/White, Rose Gray Buckle18-karat Yellow Gold/Black, Red Buckle",,,"watchOS 1.0, upgradable to 4.3.2",Apple S1 (28 nm),520 MHz Cortex-A7,PowerVR SGX543,"8 GB, 512 MB RAM",,,About 11000 EUR,,IPX7 water resistant up to 1 meter and 30 minutes,,"18-karat yellow/rose gold case, ceramic back",Sapphire crystal glass,,,,,,Yes,,,,,,,,,,,,,,,,,,,,Non-removable Li-Ion 205 mAh battery (0.78 Wh),,,,,,No,,,,Up to 18 h (mixed usage)
Apple,Watch 42mm (1st gen),No cellular connectivity,N/A,No,No,"2014, September","Available. Released 2015, April",42 x 35.9 x 10.5 mm (1.65 x 1.41 x 0.41 in),50 g body (2.82 oz),No,"OLED capacitive touchscreen, 16M colors","1.65 inches, 8.6 cm (~56.8% screen-to-body ratio)",390 x 312 pixels (~303 ppi density),3D Touch display  450 nits,No,,,Yes,,No,Wi-Fi 802.11 b/g/n,"4.0, LE",No,No,No,"Accelerometer, gyro, heart rate",,,,,,,MP3 player  Photo viewer  Siri natural language commands and dictation,"Stainless Steel/Red, White, Brown/Black/Blue/Marine Blue Buckle, Blue/Stone/White/Storm Gray Leather Loop, Silver/Space Black Milanese Loop, Link Bracelet, Space Black Stainless Steel/Black, Black Link Bracelet, Pearl Woven Nylon",,,"watchOS 1.0, upgradable to 4.3.2",Apple S1 (28 nm),520 MHz Cortex-A7,PowerVR SGX543,"8 GB, 512 MB RAM",,,About 700 EUR,,IPX7 water resistant up to 1 meter and 30 minutes,,Stainless Steel/Ceramic back,Sapphire crystal glass,,,,,,Yes,,,,,,,,,,,,,,,,,,,,Non-removable Li-Ion 250 mAh battery (0.94 Wh),,,,,,No,,,,Up to 18 h (mixed usage)
Apple,Watch 38mm (1st gen),No cellular connectivity,N/A,No,No,"2014, September","Available. Released 2015, May",38.6 x 33.3 x 10.5 mm (1.52 x 1.31 x 0.41 in),40 g body (2.72 oz),No,"OLED capacitive touchscreen, 16M colors","1.5 inches, 7.1 cm (~55.1% screen-to-body ratio)",340 x 272 pixels (~290 ppi density),3D Touch display  450 nits,No,,,Yes,,No,Wi-Fi 802.11 b/g/n,"4.0, LE",No,No,No,"Accelerometer, gyro, heart rate",,,,,,,MP3 player  Photo viewer  Siri natural language commands and dictation,"Stainless Steel/Red, White, Brown/Black/Blue/Red/Marigold/Jay Buckle, Blue/Stone Leather Loop, Silver/Space Black Milanese Loop, Link Bracelet, Space Black Stainless Steel/Black, Black Link Bracelet, Pearl Woven Nylon",,,"watchOS 1.0, upgradable to 4.3.2",Apple S1 (28 nm),520 MHz Cortex-A7,PowerVR SGX543,"8 GB, 512 MB RAM",,,About 650 EUR,,IPX7 water resistant up to 1 meter and 30 minutes,,Stainless Steel/Ceramic back,Sapphire crystal glass,,,,,,Yes,,,,,,,,,,,,,,,,,,,,Non-removable Li-Ion 205 mAh battery (0.78 Wh),,,,,,No,,,,Up to 18 h (mixed usage)
Apple,Watch Sport 42mm (1st gen),No cellular connectivity,N/A,No,No,"2014, September","Available. Released 2015, April",42 x 35.9 x 10.5 mm (1.65 x 1.41 x 0.41 in),30 g body (2.47 oz),No,"OLED capacitive touchscreen, 16M colors","1.65 inches, 8.6 cm (~57.2% screen-to-body ratio)",390 x 312 pixels (~302 ppi density),3D Touch display  450 nits,No,,,Yes,,No,Wi-Fi 802.11 b/g/n,"4.0, LE",No,No,No,"Accelerometer, gyro, heart rate",,,,,,,MP3 player  Photo viewer  Siri natural language commands and dictation,"Silver/White, Orange, Blue; Gray/Black; Rose Gold/Lavender, Stone; Gold/White, Blue, Yellow, Apricot, Royal Blue, Pink/Royal Blue/Gold&Red/Black Woven Nylon",,,"watchOS 1.0, upgradable to 4.3.2",Apple S1 (28 nm),520 MHz Cortex-A7,PowerVR SGX543,"8 GB, 512 MB RAM",,,About 250 EUR,,IPX7 water resistant up to 1 meter and 30 minutes,,Aluminum/Composite back,Ion-X strengthened glass,,,,,,Yes,,,,,,,,,,,,,,,,,,,,Non-removable Li-Ion 250 mAh battery (0.94 Wh),,,,,,No,,,,Up to 18 h (mixed usage)
Apple,Watch Sport 38mm (1st gen),No cellular connectivity,N/A,No,No,"2014, September","Available. Released 2015, April",38.6 x 33.3 x 10.5 mm (1.52 x 1.31 x 0.41 in),25 g body (2.19 oz),No,"OLED capacitive touchscreen, 16M colors","1.5 inches, 7.1 cm (~55.1% screen-to-body ratio)",340 x 272 pixels (~290 ppi density),3D Touch display  450 nits,No,,,Yes,,No,Wi-Fi 802.11 b/g/n,"4.0, LE",No,No,No,"Accelerometer, gyro, heart rate",,,,,,,MP3 player  Photo viewer  Siri natural language commands and dictation,"Silver/White, Orange, Blue; Gray/Black; Rose Gold/Lavender, Stone; Gold/White, Blue, Yellow, Apricot, Royal Blue, Pink/Royal Blue/Gold&Red/Black Woven Nylon",,,"watchOS 1.0, upgradable to 4.3.2",Apple S1 (28 nm),520 MHz Cortex-A7,PowerVR SGX543,"8 GB, 512 MB RAM",,,About 250 EUR,,IPX7 water resistant up to 1 meter and 30 minutes,,Aluminum/Composite back,Ion-X strengthened glass,,,,,,Yes,,,,,,,,,,,,,,,,,,,,Non-removable Li-Ion 205 mAh battery (0.78 Wh),,,,,,No,,,,Up to 18 h (mixed usage)
Apple,iPad Air 2,GSM / CDMA / HSPA / EVDO / LTE,GSM 850 / 900 / 1800 / 1900,Yes,Yes,"2014, October","Available. Released 2014, October",240 x 169.5 x 6.1 mm (9.45 x 6.67 x 0.24 in),437 g (Wi-Fi) / 444 g (3G/LTE) (15.41 oz),"Nano-SIM, Electronic SIM card (eSIM)","IPS LCD capacitive touchscreen, 16M colors","9.7 inches, 291.4 cm (~71.6% screen-to-body ratio)","1536 x 2048 pixels, 4:3 ratio (~264 ppi density)",,No,,,"Yes, with stereo speakers",,Yes,"Wi-Fi 802.11 a/b/g/n/ac, dual-band, hotspot","4.0, A2DP, EDR","Yes, with A-GPS, GLONASS (3G/LTE model only)",No,"2.0, proprietary reversible connector","Fingerprint (front-mounted), accelerometer, gyro, compass, barometer",,,,,,,Siri natural language commands and dictation,"Space Gray, Silver, Gold",HSDPA 850 / 900 / 1700 / 1900 / 2100,"HSPA 42.2/5.76 Mbps, LTE-A Cat4 150/50 Mbps, EV-DO Rev.A 3.1 Mbps","iOS 8.1, upgradable to iOS 12.2",Apple A8X (20 nm),Triple-core 1.5 GHz Typhoon,PowerVR GXA6850 (octa-core graphics),"16/32/64/128 GB, 2 GB RAM","8 MP, f/2.4, 31mm (standard), 1.12��m, AF","1080p@30fps, 720p@120fps, HDR, stereo sound rec.",About 440 EUR,HDR,,"LTE band 1(2100), 2(1900), 3(1800), 4(1700/2100), 5(850), 7(2600), 8(900), 13(700), 17(700), 18(800), 19(800), 20(800), 25(1900), 26(850), 28(700), 29(700), 38(2600), 39(1900), 40(2300), 41(2500) - A1567",,"Scratch-resistant glass, oleophobic coating",,,,"face detection, HDR, FaceTime over Wi-Fi or Cellular",720p@30fps,,,,Basemark OS II: 1937 / Basemark X: 29753,Photo / Video,Voice 75dB / Noise 70dB / Ring 78dB,Noise -93.9dB / Crosstalk -83.9dB,,Contrast ratio: 1048 (nominal),"1.2 MP, f/2.2, 31mm (standard)",,,,,Active noise cancellation with dedicated mic,,,,,,Non-removable Li-Po 7340 mAh battery (27.62 Wh),,,,,,,,CDMA2000 1xEV-DO,Up to 10 h (multimedia),
Apple,iPad mini 3,GSM / CDMA / HSPA / EVDO / LTE,GSM 850 / 900 / 1800 / 1900,Yes,Yes,"2014, October","Available. Released 2014, October",200 x 134.7 x 7.5 mm (7.87 x 5.30 x 0.30 in),331 g (Wi-Fi) / 341 g (3G/LTE) (11.68 oz),"Nano-SIM, Electronic SIM card (eSIM)","IPS LCD capacitive touchscreen, 16M colors","7.9 inches, 193.3 cm (~71.7% screen-to-body ratio)","1536 x 2048 pixels, 4:3 ratio (~324 ppi density)",,No,,,"Yes, with stereo speakers",,Yes,"Wi-Fi 802.11 a/b/g/n, dual-band","4.0, A2DP, EDR","Yes, with A-GPS, GLONASS",No,"2.0, proprietary reversible connector","Fingerprint (front-mounted), accelerometer, gyro, compass",,,,,,,Siri natural language commands and dictation,"Space Gray/Black, Silver/White, Gold",HSDPA 850 / 900 / 1700 / 1900 / 2100,"HSPA 42.2/5.76 Mbps, LTE Cat3 100/50 Mbps, EV-DO Rev.A 3.1 Mbps","iOS 8.1, upgradable to iOS 12.2",Apple A7 (28 nm),Dual-core 1.3 GHz Cyclone (ARM v8-based),PowerVR G6430 (quad-core graphics),"16/64/128 GB, 1 GB RAM DDR3","5 MP, f/2.4, 32mm (standard), AF",1080p@30fps,About 400 EUR,HDR,,"LTE band 1(2100), 2(1900), 3(1800), 4(1700/2100), 5(850), 7(2600), 8(900), 13(700), 17(700), 18(800), 19(800), 20(800), 25(1900), 26(850) - A1600",,Oleophobic coating,,,,"face detection, FaceTime over Wi-Fi or Cellular",720p@30fps,,,,Basemark OS II: 1099 / Basemark X: 14781,Photo / Video,Voice 65dB / Noise 63dB / Ring 70dB,Noise -93.7dB / Crosstalk -85.2dB,,Contrast ratio: 812 (nominal),1.2 MP,,,,,Active noise cancellation with dedicated mic,,,,,,Non-removable Li-Po 6470 mAh battery (24.3 Wh),,,,,,,,"LTE band 1(2100), 2(1900), 3(1800), 5(850), 7(2600), 8(900), 18(800), 19(800), 20(800), 38(2600), 39(1900), 40(2300) - A1601",Up to 10 h (multimedia),
Apple,iPhone 6 Plus,GSM / CDMA / HSPA / EVDO / LTE,"GSM 850 / 900 / 1800 / 1900 - A1522 (GSM), A1522 (CDMA), A1524",Yes,Yes,"2014, September","Available. Released 2014, September",158.1 x 77.8 x 7.1 mm (6.22 x 3.06 x 0.28 in),172 g (6.07 oz),Nano-SIM,"IPS LCD capacitive touchscreen, 16M colors","5.5 inches, 83.4 cm (~67.8% screen-to-body ratio)","1080 x 1920 pixels, 16:9 ratio (~401 ppi density)",,No,,,Yes,,Yes,"Wi-Fi 802.11 a/b/g/n/ac, dual-band, hotspot","4.0, A2DP, LE","Yes, with A-GPS, GLONASS",No,"2.0, proprietary reversible connector","Fingerprint (front-mounted), accelerometer, gyro, proximity, compass, barometer",,,,,,,Siri natural language commands and dictation,"Space Gray, Silver, Gold","HSDPA 850 / 900 / 1700 / 1900 / 2100 - A1522 (GSM), A1522 (CDMA), A1524","HSPA 42.2/5.76 Mbps, LTE-A Cat4 150/50 Mbps, EV-DO Rev.A 3.1 Mbps","iOS 8, upgradable to iOS 12.2",Apple A8 (20 nm),Dual-core 1.4 GHz Typhoon (ARM v8-based),PowerVR GX6450 (quad-core graphics),"16/64/128 GB, 1 GB RAM DDR3","8 MP, f/2.2, 29mm (standard), 1/3"", 1.5��m, OIS, PDAF","1080p@60fps, 720p@240fps",About 420 EUR,"Dual-LED dual-tone flash, HDR","Apple Pay (Visa, MasterCard, AMEX certified)","LTE band 1(2100), 2(1900), 3(1800), 4(1700/2100), 5(850), 7(2600), 8(900), 13(700), 17(700), 18(800), 19(800), 20(800), 25(1900), 26(850), 28(700), 29(700) - A1522 GSM, A1522 CDMA","Front glass, aluminum body","Ion-strengthened glass, oleophobic coating",,,,"face detection, HDR, FaceTime over Wi-Fi or Cellular",720p@30fps,Yes (Apple Pay only),,,Basemark OS II: 1222,Photo / Video,Voice 67dB / Noise 65dB / Ring 66dB,Noise -94dB / Crosstalk -72dB,Endurance rating 79h,"Contrast ratio: 1361 (nominal), 3.023 (sunlight)","1.2 MP, f/2.2, 31mm (standard)",,,,,16-bit/44.1kHz audio  Active noise cancellation with dedicated mic,0.99 W/kg (head) �� �� 0.91 W/kg (body) �� ��,,,,1.19 W/kg (head) �� �� 1.19 W/kg (body) �� ��,Non-removable Li-Po 2915 mAh battery (11.1 Wh),,Up to 80 h,,,,,,"LTE band 1(2100), 2(1900), 3(1800), 4(1700/2100), 5(850), 7(2600), 8(900), 13(700), 17(700), 18(800), 19(800), 20(800), 25(1900), 26(850), 28(700), 29(700), 38(2600), 39(1900), 40(2300), 41(2500) - A1524",Up to 24 h (3G),Up to 384 h (3G)
Apple,iPhone 6,GSM / CDMA / HSPA / EVDO / LTE,"GSM 850 / 900 / 1800 / 1900 - A1549 (GSM), A1549 (CDMA), A1586",Yes,Yes,"2014, September","Available. Released 2014, September",138.1 x 67 x 6.9 mm (5.44 x 2.64 x 0.27 in),129 g (4.55 oz),Nano-SIM,"IPS LCD capacitive touchscreen, 16M colors","4.7 inches, 60.9 cm (~65.8% screen-to-body ratio)","750 x 1334 pixels, 16:9 ratio (~326 ppi density)",,No,,,Yes,,Yes,"Wi-Fi 802.11 a/b/g/n/ac, dual-band, hotspot","4.0, A2DP, LE","Yes, with A-GPS, GLONASS",No,"2.0, proprietary reversible connector","Fingerprint (front-mounted), accelerometer, gyro, proximity, compass, barometer",,,,,,,Siri natural language commands and dictation,"Space Gray, Silver, Gold","HSDPA 850 / 900 / 1700 / 1900 / 2100 - A1549 (GSM), A1549 (CDMA), A1586","HSPA 42.2/5.76 Mbps, LTE-A Cat4 150/50 Mbps, EV-DO Rev.A 3.1 Mbps","iOS 8, upgradable to iOS 12.2",Apple A8 (20 nm),Dual-core 1.4 GHz Typhoon (ARM v8-based),PowerVR GX6450 (quad-core graphics),"16/32/64/128 GB, 1 GB RAM DDR3","8 MP, f/2.2, 29mm (standard), 1/3"", 1.5��m, PDAF","1080p@60fps, 720p@240fps",About 360 EUR,"Dual-LED dual-tone flash, HDR","Apple Pay (Visa, MasterCard, AMEX certified)","LTE band 1(2100), 2(1900), 3(1800), 4(1700/2100), 5(850), 7(2600), 8(900), 13(700), 17(700), 18(800), 19(800), 20(800), 25(1900), 26(850), 28(700), 29(700) - A1549 GSM, A1549 CDMA","Front glass, aluminum body","Ion-strengthened glass, oleophobic coating",,,,"face detection, HDR, FaceTime over Wi-Fi or Cellular",720p@30fps,Yes (Apple Pay only),,,Basemark OS II: 1252 / Basemark X: 15841,Photo / Video,Voice 66dB / Noise 65dB / Ring 72dB,Noise -94dB / Crosstalk -73.4dB,Endurance rating 61h,"Contrast ratio: 1213 (nominal), 3.838 (sunlight)","1.2 MP, f/2.2, 31mm (standard)",,,,,16-bit/44.1kHz audio  Active noise cancellation with dedicated mic,0.98 W/kg (head) �� �� 0.97 W/kg (body) �� ��,,,,1.18 W/kg (head) �� �� 1.18 W/kg (body) �� ��,Non-removable Li-Po 1810 mAh battery (6.9 Wh),,Up to 50 h,,,,,,"LTE band 1(2100), 2(1900), 3(1800), 4(1700/2100), 5(850), 7(2600), 8(900), 13(700), 17(700), 18(800), 19(800), 20(800), 25(1900), 26(850), 28(700), 29(700), 38(2600), 39(1900), 40(2300), 41(2500) - A1586",Up to 14 h (3G),Up to 250 h (3G)
Apple,iPad Air,GSM / CDMA / HSPA / EVDO / LTE,GSM 850 / 900 / 1800 / 1900,Yes,Yes,"2013, October",Available. Released November 2013,240 x 169.5 x 7.5 mm (9.45 x 6.67 x 0.30 in),469 g (Wi-Fi) / 478 g (3G/LTE) (1.03 lb),Nano-SIM,"IPS LCD capacitive touchscreen, 16M colors","9.7 inches, 291.4 cm (~71.6% screen-to-body ratio)","1536 x 2048 pixels, 4:3 ratio (~264 ppi density)",,No,,,"Yes, with stereo speakers",,Yes,"Wi-Fi 802.11 a/b/g/n, dual-band, hotspot","4.0, A2DP, EDR","Yes, with A-GPS, GLONASS (3G/LTE model only)",No,"2.0, proprietary reversible connector","Accelerometer, gyro, compass",,,,,,,Siri natural language commands and dictation,"Space Gray, Silver",HSDPA 850 / 900 / 1900 / 2100,"HSPA 42.2/5.76 Mbps, LTE Cat3 100/50 Mbps, EV-DO Rev.A 3.1 Mbps","iOS 7, upgradable to iOS 12.2",Apple A7 (28 nm),Dual-core 1.3 GHz Cyclone (ARM v8-based),PowerVR G6430 (quad-core graphics),"16/32/64/128 GB, 1 GB RAM DDR3","5 MP, f/2.4, 33mm (standard), AF",1080p@30fps,About 350 EUR,HDR,,LTE,,"Scratch-resistant glass, oleophobic coating",,,,"face detection, FaceTime over Wi-Fi or Cellular",720p@30fps,,,,Basemark OS II: 1128 / Basemark X: 13597,Photo / Video,Voice 67dB / Noise 65dB / Ring 76dB,Noise -93.9dB / Crosstalk -89.9dB,,Contrast ratio: 968:1 (nominal) / 2.504:1 (sunlight),1.2 MP,,,,,Active noise cancellation with dedicated mic,0.99 W/kg (body) �� ��,,,,1.18 W/kg (body) �� ��,Non-removable Li-Po 8600 mAh battery (32.4 Wh),,,,,,,,CDMA2000 1xEV-DO,Up to 10 h (multimedia),
Apple,iPad mini 2,GSM / CDMA / HSPA / EVDO / LTE,GSM 850 / 900 / 1800 / 1900,Yes,Yes,"2013, October. Released 2013, November",Discontinued,200 x 134.7 x 7.5 mm (7.87 x 5.30 x 0.30 in),331 g (Wi-Fi) / 341 g (3G/LTE) (11.68 oz),Nano-SIM,"IPS LCD capacitive touchscreen, 16M colors","7.9 inches, 193.3 cm (~71.7% screen-to-body ratio)","1536 x 2048 pixels, 4:3 ratio (~324 ppi density)",,No,,,"Yes, with stereo speakers",,Yes,"Wi-Fi 802.11 a/b/g/n, dual-band","4.0, A2DP, EDR","Yes, with A-GPS, GLONASS",No,"2.0, proprietary reversible connector","Accelerometer, gyro, compass",,,,,,,Siri natural language commands and dictation,"Space Gray/Black, Silver/White",HSDPA 850 / 900 / 1900 / 2100,"HSPA 42.2/5.76 Mbps, LTE Cat3 100/50 Mbps, EV-DO Rev.A 3.1 Mbps","iOS 7, upgradable to iOS 12.2",Apple A7 (28 nm),Dual-core 1.3 GHz Cyclone (ARM v8-based),PowerVR G6430 (quad-core graphics),"16/32/64/128 GB, 1 GB RAM DDR3","5 MP, f/2.4, 33mm (standard), AF",1080p@30fps,About 270 EUR,HDR,,"LTE band 1(2100), 2(1900), 3(1800), 4(1700/2100), 5(850), 7(2600), 8(900), 13(700), 17(700), 18(800), 19(800), 20(800), 25(1900), 26(850) - A1490",,Oleophobic coating,,,,"face detection, FaceTime over Wi-Fi or Cellular",720p@30fps,,,,Basemark OS II: 1073 / Basemark X: 13286,Photo / Video,Voice 65dB / Noise 62dB / Ring 72dB,Noise -93.8dB / Crosstalk -82.9dB,,Contrast ratio: 804:1 (nominal),1.2 MP,,,,,Active noise cancellation with dedicated mic,0.99 W/kg (body) �� ��,,,,1.19 W/kg (body) �� ��,Non-removable Li-Po 6470 mAh battery (24.3 Wh),,,,,,,,"LTE band 1(2100), 2(1900), 3(1800), 5(850), 7(2600), 8(900), 18(800), 19(800), 20(800), 38(2600), 39(1900), 40(2300) - A1491",Up to 10 h (multimedia),
Apple,iPhone 5s,GSM / CDMA / HSPA / EVDO / LTE,GSM 850 / 900 / 1800 / 1900 - all models,Yes,Yes,"2013, September","Available. Released 2013, September",123.8 x 58.6 x 7.6 mm (4.87 x 2.31 x 0.30 in),112 g (3.95 oz),Nano-SIM,"IPS LCD capacitive touchscreen, 16M colors","4.0 inches, 44.1 cm (~60.8% screen-to-body ratio)","640 x 1136 pixels, 16:9 ratio (~326 ppi density)",,No,,,Yes,,Yes,"Wi-Fi 802.11 a/b/g/n, dual-band, hotspot","4.0, A2DP","Yes, with A-GPS, GLONASS",No,"2.0, proprietary reversible connector","Fingerprint (front-mounted), accelerometer, gyro, proximity, compass",,,,,,,Siri natural language commands and dictation,"Space Gray, White/Silver, Gold","HSDPA 850 / 900 / 1700 / 1900 / 2100 - A1533 (GSM), A1453","HSPA 42.2/5.76 Mbps, LTE Cat3 100/50 Mbps, EV-DO Rev.A 3.1 Mbps","iOS 7, upgradable to iOS 12.2",Apple A7 (28 nm),Dual-core 1.3 GHz Cyclone (ARM v8-based),PowerVR G6430 (quad-core graphics),"16/32/64 GB, 1 GB RAM DDR3","8 MP, f/2.2, 29mm (standard), 1/3"", 1.5��m, AF","1080p@30fps, 720p@120fps",About 330 EUR,"Dual-LED dual-tone flash, HDR",,"LTE band 1(2100), 2(1900), 3(1800), 4(1700/2100), 5(850), 8(900), 13(700), 17(700), 19(800), 20(800), 25(1900) - A1533 GSM, A1533 CDMA","Front glass, aluminum body","Corning Gorilla Glass, oleophobic coating",,,,"face detection, HDR, FaceTime over Wi-Fi or Cellular",720p@30fps,,,,Basemark OS II: 1077 / Basemark X: 14341,Photo / Video,Voice 68dB / Noise 66dB / Ring 69dB,Noise -93.6dB / Crosstalk -90.3dB,Endurance rating 54h,Contrast ratio: 1219:1 (nominal) / 3.565:1 (sunlight),"1.2 MP, f/2.4, 31mm (standard)",,,,,16-bit/44.1kHz audio  Active noise cancellation with dedicated mic,1.00 W/kg (head) �� �� 0.80 W/kg (body) �� ��,,,,1.12 W/kg (head) �� �� 1.18 W/kg (body) �� ��,Non-removable Li-Po 1560 mAh battery (5.92 Wh),,Up to 40 h,,,,,,"LTE band 1(2100), 2(1900), 3(1800), 5(850), 7(2600), 8(900), 20(800), 38(2600), 39(1900), 40(2300) - A1530",Up to 10 h (2G) / Up to 10 h (3G),Up to 250 h (2G) / Up to 250 h (3G)
Apple,iPhone 5c,GSM / CDMA / HSPA / LTE,GSM 850 / 900 / 1800 / 1900 - all versions,Yes,Yes,"2013, September","Available. Released 2013, September",124.4 x 59.2 x 9 mm (4.90 x 2.33 x 0.35 in),132 g (4.66 oz),Nano-SIM,"IPS LCD capacitive touchscreen, 16M colors","4.0 inches, 44.1 cm (~59.9% screen-to-body ratio)","640 x 1136 pixels, 16:9 ratio (~326 ppi density)",,No,,,Yes,,Yes,"Wi-Fi 802.11 b/g/n, hotspot","4.0, A2DP, LE","Yes, with A-GPS, GLONASS",No,"2.0, proprietary reversible connector","Accelerometer, gyro, proximity, compass",,,,,,,Siri natural language commands and dictation,"White, Blue, Green, Yellow, Pink","HSDPA 850 / 900 / 1700 / 1900 / 2100 - A1532 (GSM), A1532 (CDMA), A1456","HSPA 42.2/5.76 Mbps, LTE Cat3 100/50 Mbps, EV-DO Rev.A 3.1 Mbps","iOS 7, upgradable to iOS 10.3.3",Apple A6 (32 nm),Dual-core 1.3 GHz Swift (ARM v7-based),PowerVR SGX 543MP3 (triple-core graphics),"8/16/32 GB, 1 GB RAM","8 MP, f/2.4, 33mm (standard), 1/3.2"", 1.4��m, AF",1080p@30fps,About 300 EUR,"LED flash, panorama, HDR",,"LTE band 1(2100), 2(1900), 3(1800), 4(1700/2100), 5(850), 8(900), 13(700), 17(700), 19(800), 20(800), 25(1900) - A1532 GSM, A1532 CDMA","Front glass, plastic body",,,,,"face detection, FaceTime over Wi-Fi or Cellular",720p@30fps,,,,Basemark OS II: 573 / Basemark X: 2225,Photo / Video,Voice 66dB / Noise 65dB / Ring 66dB,Noise -93.9dB / Crosstalk -80.3dB,Endurance rating 52h,Contrast ratio: 1233:1 (nominal) / 3.512:1 (sunlight),1.2 MP,,,,,16-bit/44.1kHz audio  Active noise cancellation with dedicated mic,1.00 W/kg (head) �� �� 0.96 W/kg (body) �� ��,,,,1.15 W/kg (head) �� �� 1.17 W/kg (body) �� ��,Non-removable Li-Po 1510 mAh battery (5.73 Wh),,Up to 40 h,,,,,,"LTE band 1(2100), 2(1900), 3(1800), 5(850), 7(2600), 8(900), 20(800), 38(2600), 39(1900), 40(2300) - A1529",Up to 10 h (3G),Up to 250 h (2G) / Up to 250 h (3G)
Apple,iPad mini Wi-Fi,No cellular connectivity,N/A,No,No,"2012, October. Released 2012, November",Discontinued,200 x 134.7 x 7.2 mm (7.87 x 5.30 x 0.28 in),308 g (10.86 oz),No,"IPS LCD capacitive touchscreen, 16M colors","7.9 inches, 193.3 cm (~71.7% screen-to-body ratio)","768 x 1024 pixels, 4:3 ratio (~162 ppi density)",,No,,,"Yes, with stereo speakers",,Yes,"Wi-Fi 802.11 a/b/g/n, dual-band","4.0, A2DP, EDR",No,No,"2.0, proprietary reversible connector","Accelerometer, gyro, compass",,,,,,,Siri natural language commands and dictation,"Black/Slate, White/Silver",,,"iOS 6, upgradable to iOS 9.3.5",Apple A5 (45 nm),Dual-core 1.0 GHz Cortex-A9,PowerVR SGX543MP2,"16/32/64 GB, 512 MB RAM","5 MP, AF",1080p@30fps,About 200 EUR,,,,,Oleophobic coating,,,,"Face detection, FaceTime over Wi-Fi",720p@30fps,,,,Basemark OS II: 336,Photo / Video,,,,,1.2 MP,,,,,,,,,,,Non-removable Li-Po 4490 mAh battery (16.7 Wh),,,,,,,,,Up to 10 h (multimedia),
Apple,iPad mini Wi-Fi + Cellular,GSM / CDMA / HSPA / LTE,GSM 850 / 900 / 1800 / 1900  - A1454; A1455,Yes,Yes,"2012, October. Released 2012, November",Discontinued,200 x 134.7 x 7.2 mm (7.87 x 5.30 x 0.28 in),312 g (11.01 oz),Nano-SIM,"IPS LCD capacitive touchscreen, 16M colors","7.9 inches, 193.3 cm (~71.7% screen-to-body ratio)","768 x 1024 pixels, 4:3 ratio (~162 ppi density)",,No,,,"Yes, with stereo speakers",,Yes,"Wi-Fi 802.11 a/b/g/n, dual-band","4.0, A2DP, EDR","Yes, with A-GPS, GLONASS",No,"2.0, proprietary reversible connector","Accelerometer, gyro, compass",,,,,,,Siri natural language commands and dictation,"Black/Slate, White/Silver",HSDPA 850 / 900 / 1900 / 2100  - A1454; A1455,"HSPA 42.2/5.76 Mbps, LTE Cat3 100/50 Mbps, EV-DO Rev.A 3.1 Mbps","iOS 6, upgradable to iOS 9.3.5",Apple A5 (45 nm),Dual-core 1.0 GHz Cortex-A9,PowerVR SGX543MP2,"16/32/64 GB, 512 MB RAM","5 MP, AF",1080p@30fps,About 300 EUR,,,"LTE band 4(1700/2100), 17(700) - A1454",,Oleophobic coating,,,,"face detection, FaceTime over Wi-Fi or Cellular",720p@30fps,,,,,,Voice 68dB / Noise 65dB / Ring 75dB,Noise -82.8dB / Crosstalk -80.8dB,,Contrast ratio: 812:1 (nominal),1.2 MP,,,,,,,,,,,Non-removable Li-Po 4490 mAh battery (16.7 Wh),,,,,,,,LTE 700 / 850 / 1800 / 1900 / 2100  - A1455,Up to 10 h (multimedia),
Apple,iPad 4 Wi-Fi,No cellular connectivity,N/A,No,No,"2012, October. Released 2012, November",Discontinued,241.2 x 185.7 x 9.4 mm (9.50 x 7.31 x 0.37 in),652 g (1.44 lb),No,"IPS LCD capacitive touchscreen, 16M colors","9.7 inches, 291.4 cm (~65.1% screen-to-body ratio)","1536 x 2048 pixels, 4:3 ratio (~264 ppi density)",,No,,,Yes,,Yes,"Wi-Fi 802.11 a/b/g/n, dual-band","4.0, A2DP",No,No,"2.0, proprietary reversible connector","Accelerometer, gyro, compass",,,,,,,Siri natural language commands and dictation,"Black, White",,,"iOS 6, upgradable to iOS 10.3",Apple A6X (32 nm),Dual-core 1.4 GHz,PowerVR SGX554MP4 (quad-core graphics),"16/32/64/128 GB, 1 GB RAM","5 MP, AF",1080p@30fps,About 350 EUR,,,,,"Scratch-resistant glass, oleophobic coating",,,,"Face detection, FaceTime over Wi-Fi",720p@30fps,,,,,Photo / Video,,,,,1.2 MP,,,,,Active noise cancellation with dedicated mic,,,,,,Non-removable Li-Po 11560 mAh battery (42.5 Wh),,,,,,,,,Up to 10 h,Up to 720 h
Apple,iPad 4 Wi-Fi + Cellular,GSM / CDMA / HSPA / EVDO / LTE,GSM 850 / 900 / 1800 / 1900 - A1459/ A1460,Yes,Yes,"2012, October. Released 2012, November",Discontinued,241.2 x 185.7 x 9.4 mm (9.50 x 7.31 x 0.37 in),662 g (1.46 lb),Micro-SIM,"IPS LCD capacitive touchscreen, 16M colors","9.7 inches, 291.4 cm (~65.1% screen-to-body ratio)","1536 x 2048 pixels, 4:3 ratio (~264 ppi density)",,No,,,Yes,,Yes,"Wi-Fi 802.11 a/b/g/n, dual-band, hotspot","4.0, A2DP","Yes, with A-GPS, GLONASS",No,"2.0, proprietary reversible connector","Accelerometer, gyro, compass",,,,,,,Siri natural language commands and dictation,"Black, White",HSDPA 850 / 900 / 1900 / 2100 - A1459/ A1460,"HSPA 42.2/5.76 Mbps, LTE, EV-DO Rev.A 3.1 Mbps","iOS 6, upgradable to iOS 10.3",Apple A6X (32 nm),Dual-core 1.4 GHz,PowerVR SGX554MP4 (quad-core graphics),"16/32/64/128 GB, 1 GB RAM","5 MP, AF",1080p@30fps,About 500 EUR,,,"LTE band 4(1700/2100), 17(700) - A1459",,"Scratch-resistant glass, oleophobic coating",,,,"face detection, FaceTime over Wi-Fi or Cellular",720p@30fps,,,,,,Voice 67dB / Noise 66dB / Ring 75dB,Noise -85.7dB / Crosstalk -85.2dB,,Contrast ratio: 762:1 (nominal),1.2 MP,,,,,,,,,,,Non-removable Li-Po 11560 mAh battery (42.5 Wh),,,,,,,,LTE 700 / 850 / 1800 / 1900 / 2100 - A1460,Up to 9 h,Up to 720 h
Apple,iPhone 5,GSM / CDMA / HSPA / EVDO / LTE,GSM 850 / 900 / 1800 / 1900 - GSM A1428,Yes,Yes,"2012, September","Available. Released 2012, September",123.8 x 58.6 x 7.6 mm (4.87 x 2.31 x 0.30 in),112 g (3.95 oz),Nano-SIM,"IPS LCD capacitive touchscreen, 16M colors","4.0 inches, 44.1 cm (~60.8% screen-to-body ratio)","640 x 1136 pixels, 16:9 ratio (~326 ppi density)",,No,,,Yes,,Yes,"Wi-Fi 802.11 a/b/g/n, dual-band, hotspot","4.0, A2DP, LE","Yes, with A-GPS, GLONASS",No,"2.0, proprietary reversible connector","Accelerometer, gyro, proximity, compass",,,,,,,Siri natural language commands and dictation,"Black/Slate, White/Silver",HSDPA 850 / 900 / 1700 / 1900 / 2100 - GSM A1428,"HSPA 42.2/5.76 Mbps, LTE Cat3 100/50 Mbps, EV-DO Rev.A 3.1 Mbps","iOS 6, upgradable to iOS 10.3.3",Apple A6 (32 nm),Dual-core 1.3 GHz Swift (ARM v7-based),PowerVR SGX 543MP3 (triple-core graphics),"16/32/64 GB, 1 GB RAM DDR2","8 MP, f/2.4, 33mm (standard), 1/3.2"", 1.4��m, AF",1080p@30fps,About 340 EUR,"LED flash, panorama, HDR",,"LTE band 4(1700/2100), 17(700) - GSM A1428","Front glass, aluminum body","Corning Gorilla Glass, oleophobic coating",,,,"face detection, FaceTime over Wi-Fi or Cellular",720p@30fps,,,,Basemark OS II: 589 / Basemark X: 2229,Photo / Video,Voice 66dB / Noise 66dB / Ring 67dB,Noise -91.3dB / Crosstalk -76.5dB,Endurance rating 51h,Contrast ratio: 1320:1 (nominal) / 3.997:1 (sunlight),"1.2 MP, f/2.4, 35mm (standard)",,,,,16-bit/44.1kHz audio  Active noise cancellation with dedicated mic,0.95 W/kg (head) �� �� 0.90 W/kg (body) �� ��,,,,1.18 W/kg (head) �� �� 1.18 W/kg (body) �� ��,Non-removable Li-Po 1440 mAh battery (5.45 Wh),,Up to 40 h,,,,,,LTE 850 / 1800 / 2100 - GSM A1429,Up to 8 h (2G) / Up to 8 h (3G),Up to 225 h (2G) / Up to 225 h (3G)
Apple,iPad 3 Wi-Fi + Cellular,GSM / CDMA / HSPA / EVDO / LTE,GSM 850 / 900 / 1800 / 1900,Yes,Yes,"2012, March. Released 2012, March 16th",Discontinued,241.2 x 185.7 x 9.4 mm (9.50 x 7.31 x 0.37 in),662 g (1.46 lb),Micro-SIM,"IPS LCD capacitive touchscreen, 16M colors","9.7 inches, 291.4 cm (~65.1% screen-to-body ratio)","1536 x 2048 pixels, 4:3 ratio (~264 ppi density)",,No,,,Yes,,Yes,"Wi-Fi 802.11 a/b/g/n, dual-band, hotspot","4.0, A2DP","Yes, with A-GPS",No,2.0,"Accelerometer, gyro, compass",,,,,,,,"Black, White",HSDPA 850 / 900 / 1900 / 2100,"HSPA 42.2/5.76 Mbps, LTE, EV-DO Rev.A 3.1 Mbps","iOS 5.1, upgradable to iOS 9.3.5",Apple A5X (45 nm),Dual-core 1.0 GHz Cortex-A9,PowerVR SGX543MP4 (quad-core graphics),"16/32/64 GB, 1 GB RAM","5 MP, AF",1080p@30fps,About 400 EUR,,,"LTE band 4(1700/2100), 17(700) - AT&T",,"Scratch-resistant glass, oleophobic coating",,,,,480p@30fps,,,,,Photo / Video,,,,,"VGA, videocalling over Wi-Fi only",,,,,,,,,,,Non-removable Li-Po 11560 mAh battery (42.5 Wh),,,,,,,,LTE band 13(700) - for Verizon,Up to 9 h,Up to 720 h
Apple,iPad 3 Wi-Fi,No cellular connectivity,N/A,No,No,"2012, March. Released 2012, March 16th",Discontinued,241.2 x 185.7 x 9.4 mm (9.50 x 7.31 x 0.37 in),652 g (1.44 lb),No,"IPS LCD capacitive touchscreen, 16M colors","9.7 inches, 291.4 cm (~65.1% screen-to-body ratio)","1536 x 2048 pixels, 4:3 ratio (~264 ppi density)",,No,,,Yes,,Yes,"Wi-Fi 802.11 a/b/g/n, dual-band","4.0, A2DP",No,No,2.0,"Accelerometer, gyro, compass",,,,,,,,"Black, White",,,"iOS 5.1, upgradable to iOS 9.3.5",Apple A5X (45 nm),Dual-core 1.0 GHz Cortex-A9,PowerVR SGX543MP4 (quad-core graphics),"16/32/64 GB, 1 GB RAM","5 MP, AF",1080p@30fps,About 290 EUR,,,,,"Scratch-resistant glass, oleophobic coating",,,,,480p@30fps,,,,,,Voice 66dB / Noise 66dB / Ring 77dB,Noise -90.9dB / Crosstalk -92.7dB,,Contrast ratio: 779:1 (nominal),"VGA, videocalling over Wi-Fi only",,,,,,,,,,,Non-removable Li-Po 11560 mAh battery (42.5 Wh),,,,,,,,,Up to 10 h,Up to 720 h
Apple,iPhone 4s,GSM / CDMA / HSPA / EVDO,GSM 850 / 900 / 1800 / 1900,Yes,Yes,"2011, October","Available. Released 2011, October",115.2 x 58.6 x 9.3 mm (4.54 x 2.31 x 0.37 in),140 g (4.94 oz),Micro-SIM,"IPS LCD capacitive touchscreen, 16M colors","3.5 inches, 36.5 cm (~54.0% screen-to-body ratio)","640 x 960 pixels, 3:2 ratio (~330 ppi density)",,No,,,Yes,,Yes,"Wi-Fi 802.11 b/g/n, hotspot","4.0, A2DP, LE","Yes, with A-GPS, GLONASS",No,2.0,"Accelerometer, gyro, proximity, compass",,,,,,,Siri natural language commands and dictation,"Black, White",HSDPA 850 / 900 / 1900 / 2100,HSPA 14.4/5.76 Mbps,"iOS 5, upgradable to iOS 9.3.5",Apple A5 (45 nm),Dual-core 1.0 GHz Cortex-A9,PowerVR SGX543MP2,"8/16/32/64 GB, 512 MB RAM","8 MP, f/2.4, 35mm (standard), 1/3.2"", 1.4��m, AF",1080p@30fps,About 190 EUR,"LED flash, panorama, HDR",Scratch-resistant glass back panel,,Front/back glass & aluminum frame,"Corning Gorilla Glass, oleophobic coating",,,,,480p@30fps,,,,,Photo / Video,Voice 65dB / Noise 64dB / Ring 74dB,Noise -91.2dB / Crosstalk -93.0dB,Endurance rating 45h,Contrast ratio: 1261:1 (nominal) / 2.269:1 (sunlight),"VGA, videocalling over Wi-Fi and 3G",,,,,Active noise cancellation with dedicated mic,0.99 W/kg (head) �� �� 0.99 W/kg (body) �� ��,,,,1.18 W/kg (head) �� �� 0.98 W/kg (body) �� ��,Non-removable Li-Po 1432 mAh battery (5.3 Wh),,Up to 40 h,,,,,,CDMA2000 1xEV-DO,Up to 14 h (2G) / Up to 8 h (3G),Up to 200 h (2G) / Up to 200 h (3G)
Apple,iPad 2 Wi-Fi + 3G,GSM / HSPA,GSM 850 / 900 / 1800 / 1900,Yes,Yes,"2011, March. Released 2011, March",Discontinued,241.2 x 185.7 x 8.8 mm (9.50 x 7.31 x 0.35 in),607 g (1.34 lb),Micro-SIM,"IPS LCD capacitive touchscreen, 16M colors","9.7 inches, 291.4 cm (~65.1% screen-to-body ratio)","768 x 1024 pixels, 4:3 ratio (~132 ppi density)",,No,,,Yes,,Yes,"Wi-Fi 802.11 a/b/g/n, dual-band","2.1, A2DP, EDR","Yes, with A-GPS",No,2.0,"Accelerometer, gyro, compass",,HTML (Safari),,,,,,"Black, White",HSDPA 850 / 900 / 1900 / 2100,HSPA 14.4/2 Mbps,"iOS 4, upgradable to iOS 9.3.5",Apple A5 (45 nm),Dual-core 1.0 GHz Cortex-A9,PowerVR SGX543MP2,"16/32/64 GB, 512 MB RAM",0.7 MP,720p@30fps,About 370 EUR,,,,,"Scratch-resistant glass, oleophobic coating",,,,,,,,,,Video,Voice 65dB / Noise 65dB / Ring 75dB,Noise -91.0dB / Crosstalk -93.0dB,,Contrast ratio: 775:1 (nominal),VGA,,,,,,1.19 W/kg (body) �� ��,,,,,Non-removable Li-Po 6930 mAh battery (25 Wh),,,,,,,,,Up to 9 h,Up to 720 h
Apple,iPad 2 Wi-Fi,No cellular connectivity,N/A,No,No,"2011, March. Released 2011, March",Discontinued,241.2 x 185.7 x 8.8 mm (9.50 x 7.31 x 0.35 in),601 g (1.32 lb),No,"IPS LCD capacitive touchscreen, 16M colors","9.7 inches, 291.4 cm (~65.1% screen-to-body ratio)","768 x 1024 pixels, 4:3 ratio (~132 ppi density)",,No,,,Yes,,Yes,"Wi-Fi 802.11 a/b/g/n, dual-band","2.1, A2DP, EDR",No,No,2.0,"Accelerometer, gyro, compass",,HTML (Safari),,,,,,"Black, White",,,"iOS 4, upgradable to iOS 9.3.5",Apple A5 (45 nm),Dual-core 1.0 GHz Cortex-A9,PowerVR SGX543MP2,"16/32/64 GB, 512 MB RAM",0.7 MP,720p@30fps,About 200 EUR,,,,,"Scratch-resistant glass, oleophobic coating",,,,,,,,,,,,,,,VGA,,,,,,,,,,,Non-removable Li-Po 6930 mAh battery (25 Wh),,,,,,,,,Up to 10 h,Up to 720 h
Apple,iPad 2 CDMA,CDMA / EVDO,CDMA 800 / 1900,No,No,"2011, March. Released 2011, March",Discontinued,241.2 x 185.7 x 8.8 mm (9.50 x 7.31 x 0.35 in),607 g (1.34 lb),Mini-SIM,"IPS LCD capacitive touchscreen, 16M colors","9.7 inches, 291.4 cm (~65.1% screen-to-body ratio)","768 x 1024 pixels, 4:3 ratio (~132 ppi density)",,No,,,Yes,,Yes,"Wi-Fi 802.11 a/b/g/n, dual-band","2.1, A2DP, EDR","Yes, with A-GPS",No,2.0,"Accelerometer, gyro, compass",,HTML (Safari),,,,,iCloud cloud service  MP3/WAV player  MP4/H.264 player  Document viewer,"Black, White",CDMA2000 1xEV-DO,EV-DO Rev.A 3.1 Mbps,"iOS 4, upgradable to iOS 9.2.1",Apple A5 (45 nm),Dual-core 1.0 GHz Cortex-A9,PowerVR SGX543MP2,"16/32/64 GB, 512 MB RAM",0.7 MP,720p@30fps,About 200 EUR,,,,,"Scratch-resistant glass, oleophobic coating",,,,,,,,,,,,,,,VGA,,,,,,,,,,,Non-removable Li-Po 6930 mAh battery (25 Wh),,,,,,,,,,
Apple,iPhone 4,GSM / HSPA,GSM 850 / 900 / 1800 / 1900,Class 10,Class 10,"2010, June. Released 2010, June",Discontinued,115.2 x 58.6 x 9.3 mm (4.54 x 2.31 x 0.37 in),137 g (4.83 oz),Micro-SIM,"IPS LCD capacitive touchscreen, 16M colors","3.5 inches, 36.5 cm (~54.0% screen-to-body ratio)","640 x 960 pixels, 3:2 ratio (~330 ppi density)",,No,,,Yes,,Yes,"Wi-Fi 802.11 b/g/n, hotspot","2.1, A2DP","Yes, with A-GPS",No,2.0,"Accelerometer, gyro, proximity, compass",,HTML5 (Safari),,,,,,"Black, White",HSDPA 850 / 900 / 1900 / 2100,HSPA 7.2/5.76 Mbps,"iOS 4, upgradable to iOS 7.1.2",Apple A4 (45 nm),1.0 GHz Cortex-A8,PowerVR SGX535,"8/16/32 GB, 512 MB RAM","5 MP, f/2.8, 1/3.2"", 1.75��m, AF",720p@30fps,About 200 EUR,"LED flash, HDR",Scratch-resistant glass back panel,,Front/back glass & aluminum frame,"Corning Gorilla Glass, oleophobic coating",,,,,480p@30fps,,,,,Photo / Video,Voice 65dB / Noise 60dB / Ring 66dB,Noise -90.1dB / Crosstalk -89.6dB,,Contrast ratio: 1242:1 (nominal) / 2.016:1 (sunlight),"VGA, videocalling over Wi-Fi only",,,,,Active noise cancellation with dedicated mic,0.93 W/kg (head) �� �� 0.74 W/kg (body) �� ��,,,,1.17 W/kg (head) �� �� 1.11 W/kg (body) �� ��,Non-removable Li-Po 1420 mAh battery,,Up to 40 h,,,,,,,Up to 14 h (2G) / Up to 7 h (3G),Up to 300 h (2G) / Up to 300 h (3G)
Apple,iPhone 4 CDMA,CDMA / EVDO,CDMA 800 / 1900,No,No,"2011, January. Released 2011, February",Discontinued,115.2 x 58.6 x 9.3 mm (4.54 x 2.31 x 0.37 in),137 g (4.83 oz),Micro-SIM,"IPS LCD capacitive touchscreen, 16M colors","3.5 inches, 36.5 cm (~54.0% screen-to-body ratio)","640 x 960 pixels, 3:2 ratio (~330 ppi density)",,No,,,Yes,,Yes,Wi-Fi 802.11 b/g/n,"2.1, A2DP","Yes, with A-GPS",No,2.0,"Accelerometer, gyro, proximity, compass",,HTML5 (Safari),,,,,iCloud cloud service  MP3/WAV player  MP4/H.264 player  Document viewer,"Black, White",CDMA2000 1xEV-DO,EV-DO Rev.A 3.1 Mbps,"iOS 4, upgradable to iOS 7.1.1",Apple A4 (45 nm),1.0 GHz Cortex-A8,PowerVR SGX535,"16/32 GB, 512 MB RAM","5 MP, AF",720p@30fps,About 150 EUR,"LED flash, HDR",,,,"Corning Gorilla Glass, oleophobic coating",,,,,,,,,,,,,,,,,,,,Active noise cancellation with dedicated mic,,,,,1.18 W/kg (head) �� �� 0.87 W/kg (body) �� ��,Non-removable Li-Po 1420 mAh battery,,,,,Videocalling over Wi-Fi only,,,,,
Apple,iPad Wi-Fi + 3G,GSM / HSPA,GSM 850 / 900 / 1800 / 1900,Yes,Yes,"2010, January. Released 2010, March",Discontinued,242.8 x 189.7 x 13.4 mm (9.56 x 7.47 x 0.53 in),730 g (1.61 lb),Micro-SIM,"IPS LCD capacitive touchscreen, 16M colors","9.7 inches, 291.4 cm (~63.3% screen-to-body ratio)","768 x 1024 pixels, 4:3 ratio (~132 ppi density)",,No,,,Yes,,Yes,"Wi-Fi 802.11 a/b/g/n, dual-band","2.1, A2DP, EDR","Yes, with A-GPS",No,2.0,"Accelerometer, compass",,HTML (Safari),,,,,,Silver,HSDPA 850 / 1900 / 2100,HSPA,"iOS 4, upgradable to iOS 5.1.1",Apple A4 (45 nm),1.0 GHz Cortex-A8,PowerVR SGX535,"16/32/64 GB, 256 MB RAM",,,About 410 EUR,,,,,"Scratch-resistant glass, oleophobic coating",,,,,,,,,,,,,,,,,,,,,,,,,,Non-removable Li-Po 6600 mAh battery (24.8 Wh),,,,,,No,,,,
Apple,iPad Wi-Fi,No cellular connectivity,N/A,No,No,"2010, January. Released 2010, March",Discontinued,242.8 x 189.7 x 13.4 mm (9.56 x 7.47 x 0.53 in),680 g (1.50 lb),No,"IPS LCD capacitive touchscreen, 16M colors","9.7 inches, 291.4 cm (~63.3% screen-to-body ratio)","768 x 1024 pixels, 4:3 ratio (~132 ppi density)",,No,,,Yes,,Yes,"Wi-Fi 802.11 a/b/g/n, dual-band","2.1, A2DP, EDR",No,No,2.0,Accelerometer,,HTML (Safari),,,,,MP3/WAV player  MP4/H.264 player  Document viewer,Silver,,,"iOS 4, upgradable to iOS 5.1.1",Apple A4 (45 nm),1.0 GHz Cortex-A8,PowerVR SGX535,"16/32/64 GB, 256 MB RAM",,,About 310 EUR,,,,,"Scratch-resistant glass, oleophobic coating",,,,,,,,,,,,,,Contrast ratio: 776:1 (nominal),,,,,,,,,,,,Non-removable Li-Po 6600 mAh battery (24.8 Wh),,,,,,No,,,,
Apple,iPhone 3GS,GSM / HSPA,GSM 850 / 900 / 1800 / 1900,Yes,Yes,"2009, June. Released 2009, June",Discontinued,115.5 x 62.1 x 12.3 mm (4.55 x 2.44 x 0.48 in),135 g (4.76 oz),Mini-SIM,"TFT capacitive touchscreen, 16M colors","3.5 inches, 36.5 cm (~50.9% screen-to-body ratio)","320 x 480 pixels, 3:2 ratio (~165 ppi density)",,No,,,Yes,,Yes,Wi-Fi 802.11 b/g,"2.1, A2DP (headset support only)","Yes, with A-GPS",No,2.0,"Accelerometer, proximity, compass",,HTML (Safari),,,,,iCloud cloud service  Maps  Organizer  TV-out  Audio/video player/editor  Photo viewer/editor  Voice command/dial  Predictive text input,"Black, White",HSDPA 850 / 1900 / 2100,HSPA 7.2/0.384 Mbps,"iOS 3, upgradable to iOS 6.1.6",,600 MHz Cortex-A8,PowerVR SGX535,"8/16/32 GB, 256 MB RAM","3.15 MP, AF, f/2.8",480p@30fps,About 110 EUR,,,,,"Corning Gorilla Glass, oleophobic coating",,,,,,,,,,Photo,Voice 69dB / Noise 69dB / Ring 71dB,Noise -92.1dB / Crosstalk -95.0dB,,Contrast ratio: 201:1 (nominal),,,,,,,0.45 W/kg (head) �� �� 0.40 W/kg (body) �� ��,,,,0.26 W/kg (head) �� �� 0.79 W/kg (body) �� ��,Non-removable Li-Ion battery,,Up to 30 h,,,No,,,,Up to 12 h (2G) / Up to 5 h (3G),Up to 300 h
Apple,iPhone 3G,GSM / HSPA,GSM 850 / 900 / 1800 / 1900,Yes,Yes,"2008, June. Released 2008, July",Discontinued,115.5 x 62.1 x 12.3 mm (4.55 x 2.44 x 0.48 in),133 g (4.69 oz),Mini-SIM,"TFT capacitive touchscreen, 16M colors","3.5 inches, 36.5 cm (~50.9% screen-to-body ratio)","320 x 480 pixels, 3:2 ratio (~165 ppi density)",,No,,,Yes,"Vibration, proprietary ringtones",Yes,Wi-Fi 802.11b/g,"2.0, A2DP (headset support only)","Yes, with A-GPS",No,2.0,"Accelerometer, proximity",,HTML (Safari),,,,,Audio/video player  TV-out  Organizer  Document viewer  Photo viewer  Predictive text input,"Black(8/16 GB), White (16 GB)",HSDPA 850 / 1900 / 2100,HSPA,"iOS, upgradable to iOS 4.2.1",,412 MHz ARM 11,PowerVR MBX,"8/16 GB, 128 MB RAM",2 MP,No,About 90 EUR,,,,,"Corning Gorilla Glass, oleophobic coating",,,,,,,,,,,Voice 66dB / Noise 62dB / Ring 71dB,Noise -89.9dB / Crosstalk -93.1dB,,,,,,,,,0.56 W/kg (head) �� �� 0.23 W/kg (body) �� ��,,,,0.52 W/kg (head) �� �� 1.29 W/kg (body) �� ��,Non-removable Li-Ion battery,,Up to 24 h,,,No,,,,Up to 10 h,Up to 300 h
Apple,iPhone,GSM,GSM 850 / 900 / 1800 / 1900,Yes,Yes,"2007, January. Released 2007, June",Discontinued,115 x 61 x 11.6 mm (4.53 x 2.40 x 0.46 in),135 g (4.76 oz),Mini-SIM,"TFT capacitive touchscreen, 16M colors","3.5 inches, 36.5 cm (~52.0% screen-to-body ratio)","320 x 480 pixels, 3:2 ratio (~165 ppi density)",,No,,,Yes,"Vibration, proprietary ringtones",Yes,Wi-Fi 802.11b/g,2.0 (headset support only),No,No,2.0,"Accelerometer, proximity",,HTML (Safari),,,,,Google Maps  Audio/video player  TV-out  Organizer  Document viewer  Photo viewer  Predictive text input,Black,,,"iOS, upgradable to iOS 3.1.3",,412 MHz ARM 11,PowerVR MBX,4/8/16 GB,2 MP,No,About 420 EUR,,,,,"Corning Gorilla Glass, oleophobic coating",,,,,,,,,,,,,,,,,,,,,0.97 W/kg (head) �� �� 0.69 W/kg (body) �� ��,,,,0.97 W/kg (head) �� �� 0.38 W/kg (body) �� ��,Non-removable Li-Ion battery,,Up to 24 h,,,No,,,,Up to 8 h,Up to 250 h